condition,cue_x,cue_y,target_x,target_y,thisN,thisTrialN,thisRepN,key_resp_3.keys,key_resp_3.rt,key_resp_3.duration,key_resp.keys,key_resp.rt,key_resp.duration,trials_2.thisRepN,trials_2.thisTrialN,trials_2.thisN,trials_2.thisIndex,trials.thisRepN,trials.thisTrialN,trials.thisN,trials.thisIndex,thisRow.t,notes,instructions.started,text.started,key_resp_2.started,instructions.stopped,key_resp_2.keys,key_resp_2.rt,key_resp_2.duration,practice.started,fixation_2.started,Left_rect_2.started,Right_rect_2.started,cue_2.started,cue_2.stopped,target_2.started,key_resp_3.started,practice.stopped,trials_2.key_resp_3.keys,trials_2.key_resp_3.rt,trials_2.key_resp_3.duration,fixation_2.stopped,Left_rect_2.stopped,Right_rect_2.stopped,target_2.stopped,key_resp_3.stopped,instructions_2.started,text_3.started,key_resp_4.started,instructions_2.stopped,key_resp_4.keys,key_resp_4.rt,key_resp_4.duration,trial.started,fixation.started,Left_rect.started,Right_rect.started,cue.started,cue.stopped,target.started,key_resp.started,trial.stopped,trials.key_resp.keys,trials.key_resp.rt,trials.key_resp.duration,blank.started,text_2.started,text_2.stopped,blank.stopped,fixation.stopped,Left_rect.stopped,Right_rect.stopped,target.stopped,key_resp.stopped,participant,session,date,expName,expVersion,psychopyVersion,frameRate,expStart
,,,,,,,,,,,,,,,,,,,,,,,,0.0026974,0.0071271,0.0071271,1.5131113,space,1.4900863,None,,,,,,,,,,,,,,,,,,,,,,,,,,,,,,,,,,,,,,,,,,,,,,x,1,2025-11-21_11h48.00.134,solo_project,,2025.1.1,60.01709286,2025-11-21 11h48.06.859848 +0530
invalid_diff,-0.168,0.175,0.168,0.149,0,0,0,up,0.413885,None,,,,0,0,0,6,,,,,1.5230518,,,,,,,,,1.5191619,1.5230518,2.52216,2.52216,2.52216,2.6221698,2.8222068,2.8222068,3.2399716,up,0.413885,None,,,,,,,,,,,,,,,,,,,,,,,,,,,,,,,,,,x,1,2025-11-21_11h48.00.134,solo_project,,2025.1.1,60.01709286,2025-11-21 11h48.06.859848 +0530
valid,-0.168,0.175,-0.168,0.149,1,1,0,up,0.3935038,None,,,,0,1,1,0,,,,,3.2560013,,,,,,,,,3.240696,3.2560013,4.2392811,4.2392811,4.2392811,4.3395153,4.5393874,4.5393874,4.9400322,up,0.3935038,None,,,,,,,,,,,,,,,,,,,,,,,,,,,,,,,,,,x,1,2025-11-21_11h48.00.134,solo_project,,2025.1.1,60.01709286,2025-11-21 11h48.06.859848 +0530
catch,-0.168,-0.175,None,None,2,2,0,up,0.6149544,None,,,,0,2,2,9,,,,,4.9558934,,,,,,,,,4.9409029,4.9558934,5.9394023,5.9394023,5.9394023,6.0395127,6.2392916,6.2392916,6.8559832,up,0.6149544,None,,,,,,,,,,,,,,,,,,,,,,,,,,,,,,,,,,x,1,2025-11-21_11h48.00.134,solo_project,,2025.1.1,60.01709286,2025-11-21 11h48.06.859848 +0530
invalid_diff,-0.168,-0.175,0.168,-0.149,3,3,0,up,0.4120017,None,,,,0,3,3,7,,,,,6.8723629,,,,,,,,,6.856349,6.8723629,7.8561318,7.8561318,7.8561318,7.9561406,8.1560686,8.1560686,8.5732282,up,0.4120017,None,,,,,,,,,,,,,,,,,,,,,,,,,,,,,,,,,,x,1,2025-11-21_11h48.00.134,solo_project,,2025.1.1,60.01709286,2025-11-21 11h48.06.859848 +0530
valid,0.168,0.175,0.168,0.149,4,4,0,up,0.4161721,None,,,,0,4,4,2,,,,,8.5892994,,,,,,,,,8.5739119,8.5892994,9.5725352,9.5725352,9.5725352,9.6724867,9.8725625,9.8725625,10.2901678,up,0.4161721,None,,,,,,,,,,,,,,,,,,,,,,,,,,,,,,,,,,x,1,2025-11-21_11h48.00.134,solo_project,,2025.1.1,60.01709286,2025-11-21 11h48.06.859848 +0530
invalid_same,-0.168,0.175,-0.168,-0.149,5,5,0,up,0.4527485,None,,,,0,5,5,4,,,,,10.3060582,,,,,,,,,10.290858,10.3060582,11.3060455,11.3060455,11.3060455,11.4060999,11.5895286,11.5895286,12.0563001,up,0.4527485,None,,,,,,,,,,,,,,,,,,,,,,,,,,,,,,,,,,x,1,2025-11-21_11h48.00.134,solo_project,,2025.1.1,60.01709286,2025-11-21 11h48.06.859848 +0530
catch,-0.168,0.175,None,None,6,6,0,None,,,,,,0,6,6,8,,,,,12.0723433,,,,,,,,,12.0569243,12.0723433,13.0560325,13.0560325,13.0560325,13.1560976,13.3560608,13.3560608,15.3398494,None,,,15.3559668,15.3559668,15.3559668,15.3559668,15.3559668,,,,,,,,,,,,,,,,,,,,,,,,,,,,,x,1,2025-11-21_11h48.00.134,solo_project,,2025.1.1,60.01709286,2025-11-21 11h48.06.859848 +0530
invalid_same,-0.168,-0.175,-0.168,0.149,7,7,0,up,0.3718756,None,,,,0,7,7,5,,,,,15.3559668,,,,,,,,,15.3405494,15.3559668,16.3559534,16.3559534,16.3559534,16.4560858,16.6559403,16.6559403,17.0399414,up,0.3718756,None,,,,,,,,,,,,,,,,,,,,,,,,,,,,,,,,,,x,1,2025-11-21_11h48.00.134,solo_project,,2025.1.1,60.01709286,2025-11-21 11h48.06.859848 +0530
valid,0.168,-0.175,0.168,-0.149,8,8,0,up,0.3341029,None,,,,0,8,8,3,,,,,17.0559566,,,,,,,,,17.0406262,17.0559566,18.0391956,18.0391956,18.0391956,18.1390641,18.339206,18.339206,18.6899312,up,0.3341029,None,,,,,,,,,,,,,,,,,,,,,,,,,,,,,,,,,,x,1,2025-11-21_11h48.00.134,solo_project,,2025.1.1,60.01709286,2025-11-21 11h48.06.859848 +0530
valid,-0.168,-0.175,-0.168,-0.149,9,9,0,up,0.3873578,None,,,,0,9,9,1,,,,,18.7060204,,,,,,,,,18.6905685,18.7060204,19.6894683,19.6894683,19.6894683,19.7894515,19.9893085,19.9893085,20.3901337,up,0.3873578,None,,,,,,,,,,,,,,,,,,,,,,,,,,,,,,,,,,x,1,2025-11-21_11h48.00.134,solo_project,,2025.1.1,60.01709286,2025-11-21 11h48.06.859848 +0530
,,,,,,,,,,,,,,,,,,,,,,,,,,,,,,,,,,,,,,,,,,,,,,,,20.3903197,20.4059859,20.4059859,48.3398999,space,27.9274968,None,,,,,,,,,,,,,,,,,,,,,,x,1,2025-11-21_11h48.00.134,solo_project,,2025.1.1,60.01709286,2025-11-21 11h48.06.859848 +0530
valid,-0.168,0.175,-0.168,0.149,0,0,0,,,,up,0.3125343,None,,,,,0,0,0,8,48.3557368,,,,,,,,,,,,,,,,,,,,,,,,,,,,,,,,,48.3497835,48.3557368,49.3559169,49.3559169,49.3559169,49.455974,49.6393217,49.6393217,49.9567472,up,0.3125343,None,49.9568681,49.9721561,50.472353,50.456198,,,,,,x,1,2025-11-21_11h48.00.134,solo_project,,2025.1.1,60.01709286,2025-11-21 11h48.06.859848 +0530
valid,0.168,-0.175,0.168,-0.149,1,1,0,,,,up,0.3420617,None,,,,,0,1,1,11,50.472353,,,,,,,,,,,,,,,,,,,,,,,,,,,,,,,,,50.456887,50.472353,51.4721949,51.4721949,51.4721949,51.5723151,51.7722511,51.7722511,52.1230491,up,0.3420617,None,52.1231637,52.1391614,52.639295,52.6226258,,,,,,x,1,2025-11-21_11h48.00.134,solo_project,,2025.1.1,60.01709286,2025-11-21 11h48.06.859848 +0530
valid,0.168,-0.175,0.168,-0.149,2,2,0,,,,up,0.2756806,None,,,,,0,2,2,15,52.639295,,,,,,,,,,,,,,,,,,,,,,,,,,,,,,,,,52.6233168,52.639295,53.6223596,53.6223596,53.6223596,53.722349,53.9224326,53.9224326,54.2065534,up,0.2756806,None,54.2066627,54.2222622,54.7223508,54.7061501,,,,,,x,1,2025-11-21_11h48.00.134,solo_project,,2025.1.1,60.01709286,2025-11-21 11h48.06.859848 +0530
catch,0.168,0.175,None,None,3,3,0,,,,None,,,,,,,0,3,3,34,54.7223508,,,,,,,,,,,,,,,,,,,,,,,,,,,,,,,,,54.7070791,54.7223508,55.7059701,55.7059701,55.7059701,55.8058927,56.0059416,56.0059416,57.9898467,None,,,57.9899296,58.0058768,58.5058192,58.4891892,58.0058768,58.0058768,58.0058768,58.0058768,58.0058768,x,1,2025-11-21_11h48.00.134,solo_project,,2025.1.1,60.01709286,2025-11-21 11h48.06.859848 +0530
valid,-0.168,-0.175,-0.168,-0.149,4,4,0,,,,up,0.3965746,None,,,,,0,4,4,21,58.5058192,,,,,,,,,,,,,,,,,,,,,,,,,,,,,,,,,58.4896625,58.5222773,59.505891,59.505891,59.505891,59.6059146,59.8059784,59.8059784,60.2063284,up,0.3965746,None,60.2064373,60.2221974,60.7221797,60.706203,,,,,,x,1,2025-11-21_11h48.00.134,solo_project,,2025.1.1,60.01709286,2025-11-21 11h48.06.859848 +0530
catch,-0.168,-0.175,None,None,5,5,0,,,,None,,,,,,,0,5,5,33,60.7221797,,,,,,,,,,,,,,,,,,,,,,,,,,,,,,,,,60.7071791,60.7221797,61.7058699,61.7058699,61.7058699,61.8058248,62.0058801,62.0058801,63.9898409,None,,,63.989925,64.0059326,64.5056728,64.4895745,64.0059326,64.0059326,64.0059326,64.0059326,64.0059326,x,1,2025-11-21_11h48.00.134,solo_project,,2025.1.1,60.01709286,2025-11-21 11h48.06.859848 +0530
invalid_diff,0.168,-0.175,-0.168,-0.149,6,6,0,,,,up,0.352294,None,,,,,0,6,6,31,64.5056728,,,,,,,,,,,,,,,,,,,,,,,,,,,,,,,,,64.4902501,64.5056728,65.5058485,65.5058485,65.5058485,65.6059376,65.8058879,65.8058879,66.173072,up,0.352294,None,66.1731814,66.1889639,66.6892115,66.6726707,,,,,,x,1,2025-11-21_11h48.00.134,solo_project,,2025.1.1,60.01709286,2025-11-21 11h48.06.859848 +0530
catch,-0.168,0.175,None,None,7,7,0,,,,None,,,,,,,0,7,7,32,66.6892115,,,,,,,,,,,,,,,,,,,,,,,,,,,,,,,,,66.6735525,66.6892115,67.6723654,67.6723654,67.6723654,67.7723135,67.9724009,67.9724009,69.9564887,None,,,69.9565716,69.9721554,70.4722385,70.4561747,69.9721554,69.9721554,69.9721554,69.9721554,69.9721554,x,1,2025-11-21_11h48.00.134,solo_project,,2025.1.1,60.01709286,2025-11-21 11h48.06.859848 +0530
catch,0.168,-0.175,None,None,8,8,0,,,,None,,,,,,,0,8,8,35,70.4722385,,,,,,,,,,,,,,,,,,,,,,,,,,,,,,,,,70.4571091,70.4722385,71.4723828,71.4723828,71.4723828,71.5723089,71.772439,71.772439,73.7561047,None,,,73.7561734,73.7720781,74.2721345,74.2558532,73.7720781,73.7720781,73.7720781,73.7720781,73.7720781,x,1,2025-11-21_11h48.00.134,solo_project,,2025.1.1,60.01709286,2025-11-21 11h48.06.859848 +0530
valid,0.168,0.175,0.168,0.149,9,9,0,,,,up,0.3418517,None,,,,,0,9,9,10,74.2721345,,,,,,,,,,,,,,,,,,,,,,,,,,,,,,,,,74.2562198,74.2721345,75.2722979,75.2722979,75.2722979,75.3722542,75.5723456,75.5723456,75.9229333,up,0.3418517,None,75.9230431,75.9390411,76.4392039,76.422543,,,,,,x,1,2025-11-21_11h48.00.134,solo_project,,2025.1.1,60.01709286,2025-11-21 11h48.06.859848 +0530
invalid_same,-0.168,0.175,-0.168,-0.149,10,10,0,,,,up,0.3300311,None,,,,,0,10,10,24,76.4392039,,,,,,,,,,,,,,,,,,,,,,,,,,,,,,,,,76.4232356,76.4392039,77.4222985,77.4222985,77.4222985,77.5223017,77.7223705,77.7223705,78.0564137,up,0.3300311,None,78.0565229,78.0722126,78.5723228,78.556097,,,,,,x,1,2025-11-21_11h48.00.134,solo_project,,2025.1.1,60.01709286,2025-11-21 11h48.06.859848 +0530
valid,-0.168,0.175,-0.168,0.149,11,11,0,,,,up,0.3889939,None,,,,,0,11,11,16,78.5723228,,,,,,,,,,,,,,,,,,,,,,,,,,,,,,,,,78.556828,78.5723228,79.5558097,79.5558097,79.5558097,79.6554064,79.8556933,79.8556933,80.2565069,up,0.3889939,None,80.2566175,80.2720584,80.7722498,80.7560704,,,,,,x,1,2025-11-21_11h48.00.134,solo_project,,2025.1.1,60.01709286,2025-11-21 11h48.06.859848 +0530
invalid_same,0.168,-0.175,0.168,0.149,12,12,0,,,,up,0.5045146,None,,,,,0,12,12,27,80.7722498,,,,,,,,,,,,,,,,,,,,,,,,,,,,,,,,,80.7567651,80.7722498,81.7559194,81.7559194,81.7559194,81.855859,82.0559223,82.0559223,82.5729352,up,0.5045146,None,82.5730459,82.5889704,83.0890311,83.072511,,,,,,x,1,2025-11-21_11h48.00.134,solo_project,,2025.1.1,60.01709286,2025-11-21 11h48.06.859848 +0530
valid,-0.168,-0.175,-0.168,-0.149,13,13,0,,,,up,0.3809754,None,,,,,0,13,13,17,83.0890311,,,,,,,,,,,,,,,,,,,,,,,,,,,,,,,,,83.0732188,83.0890311,84.0722646,84.0722646,84.0722646,84.1724764,84.3722986,84.3722986,84.7562894,up,0.3809754,None,84.7563995,84.7721937,85.2721657,85.2558018,,,,,,x,1,2025-11-21_11h48.00.134,solo_project,,2025.1.1,60.01709286,2025-11-21 11h48.06.859848 +0530
valid,-0.168,-0.175,-0.168,-0.149,14,14,0,,,,up,0.3967525,None,,,,,0,14,14,5,85.2721657,,,,,,,,,,,,,,,,,,,,,,,,,,,,,,,,,85.2564425,85.2721657,86.2719578,86.2719578,86.2719578,86.3722342,86.5559207,86.5559207,86.9564821,up,0.3967525,None,86.9565923,86.9721055,87.4722253,87.456135,,,,,,x,1,2025-11-21_11h48.00.134,solo_project,,2025.1.1,60.01709286,2025-11-21 11h48.06.859848 +0530
valid,0.168,0.175,0.168,0.149,15,15,0,,,,up,0.4091786,None,,,,,0,15,15,22,87.4722253,,,,,,,,,,,,,,,,,,,,,,,,,,,,,,,,,87.4568273,87.4722253,88.455879,88.455879,88.455879,88.555838,88.755863,88.755863,89.1729292,up,0.4091786,None,89.1730381,89.1890942,89.6890489,89.6722624,,,,,,x,1,2025-11-21_11h48.00.134,solo_project,,2025.1.1,60.01709286,2025-11-21 11h48.06.859848 +0530
invalid_diff,-0.168,0.175,0.168,0.149,16,16,0,,,,up,0.4725151,None,,,,,0,16,16,28,89.6890489,,,,,,,,,,,,,,,,,,,,,,,,,,,,,,,,,89.6728697,89.6890489,90.6721692,90.6721692,90.6721692,90.7721659,90.9719907,90.9719907,91.4560991,up,0.4725151,None,91.4562027,91.4721525,91.9721718,91.9560904,,,,,,x,1,2025-11-21_11h48.00.134,solo_project,,2025.1.1,60.01709286,2025-11-21 11h48.06.859848 +0530
valid,-0.168,-0.175,-0.168,-0.149,17,17,0,,,,up,0.3744631,None,,,,,0,17,17,13,91.9721718,,,,,,,,,,,,,,,,,,,,,,,,,,,,,,,,,91.9567854,91.9721718,92.9558156,92.9558156,92.9558156,93.0556147,93.2558346,93.2558346,93.6397924,up,0.3744631,None,93.6399057,93.6556319,94.1556961,94.1393691,,,,,,x,1,2025-11-21_11h48.00.134,solo_project,,2025.1.1,60.01709286,2025-11-21 11h48.06.859848 +0530
valid,0.168,-0.175,0.168,-0.149,18,18,0,,,,up,0.3505315,None,,,,,0,18,18,7,94.1556961,,,,,,,,,,,,,,,,,,,,,,,,,,,,,,,,,94.1400635,94.1556961,95.1557539,95.1557539,95.1557539,95.2557162,95.4392112,95.4392112,95.806491,up,0.3505315,None,95.8066024,95.8220909,96.3221106,96.3060432,,,,,,x,1,2025-11-21_11h48.00.134,solo_project,,2025.1.1,60.01709286,2025-11-21 11h48.06.859848 +0530
valid,0.168,0.175,0.168,0.149,19,19,0,,,,up,0.3591131,None,,,,,0,19,19,2,96.3221106,,,,,,,,,,,,,,,,,,,,,,,,,,,,,,,,,96.306734,96.3221106,97.3057768,97.3057768,97.3057768,97.4055688,97.6058523,97.6058523,97.9728573,up,0.3591131,None,97.9729652,97.989028,98.4890661,98.4723724,,,,,,x,1,2025-11-21_11h48.00.134,solo_project,,2025.1.1,60.01709286,2025-11-21 11h48.06.859848 +0530
valid,0.168,-0.175,0.168,-0.149,20,20,0,,,,up,0.3058634,None,,,,,0,20,20,23,98.4890661,,,,,,,,,,,,,,,,,,,,,,,,,,,,,,,,,98.4730657,98.4890661,99.4722149,99.4722149,99.4722149,99.5722474,99.7722877,99.7722877,100.0898047,up,0.3058634,None,100.0899148,100.1057235,100.6055811,100.5894286,,,,,,x,1,2025-11-21_11h48.00.134,solo_project,,2025.1.1,60.01709286,2025-11-21 11h48.06.859848 +0530
invalid_same,0.168,0.175,0.168,-0.149,21,21,0,,,,up,0.3105248,None,,,,,0,21,21,26,100.6055811,,,,,,,,,,,,,,,,,,,,,,,,,,,,,,,,,100.5901171,100.6055811,101.6054915,101.6054915,101.6054915,101.7054267,101.9058065,101.9058065,102.2223978,up,0.3105248,None,102.222457,102.2389128,102.7390483,102.7224379,,,,,,x,1,2025-11-21_11h48.00.134,solo_project,,2025.1.1,60.01709286,2025-11-21 11h48.06.859848 +0530
valid,0.168,-0.175,0.168,-0.149,22,22,0,,,,up,0.3499689,None,,,,,0,22,22,19,102.7390483,,,,,,,,,,,,,,,,,,,,,,,,,,,,,,,,,102.7231253,102.7390483,103.722197,103.722197,103.722197,103.8221966,104.0223003,104.0223003,104.3897423,up,0.3499689,None,104.3898501,104.4056976,104.905695,104.889332,,,,,,x,1,2025-11-21_11h48.00.134,solo_project,,2025.1.1,60.01709286,2025-11-21 11h48.06.859848 +0530
valid,-0.168,-0.175,-0.168,-0.149,23,23,0,,,,up,0.3957205,None,,,,,0,23,23,9,104.905695,,,,,,,,,,,,,,,,,,,,,,,,,,,,,,,,,104.8900187,104.905695,105.9057759,105.9057759,105.9057759,106.0057145,106.1890158,106.1890158,106.5896706,up,0.3957205,None,106.5897808,106.6055842,107.105485,107.0892807,,,,,,x,1,2025-11-21_11h48.00.134,solo_project,,2025.1.1,60.01709286,2025-11-21 11h48.06.859848 +0530
valid,0.168,-0.175,0.168,-0.149,24,24,0,,,,up,0.2950243,None,,,,,0,24,24,3,107.105485,,,,,,,,,,,,,,,,,,,,,,,,,,,,,,,,,107.0900154,107.105485,108.0890995,108.0890995,108.0890995,108.1890538,108.3890248,108.3890248,108.6897127,up,0.2950243,None,108.6898234,108.7056457,109.2056911,109.1892619,,,,,,x,1,2025-11-21_11h48.00.134,solo_project,,2025.1.1,60.01709286,2025-11-21 11h48.06.859848 +0530
valid,0.168,0.175,0.168,0.149,25,25,0,,,,up,0.4058156,None,,,,,0,25,25,14,109.2056911,,,,,,,,,,,,,,,,,,,,,,,,,,,,,,,,,109.1899746,109.2056911,110.2057039,110.2057039,110.2057039,110.3056797,110.4891272,110.4891272,110.9063295,up,0.4058156,None,110.9064382,110.9220622,111.4220964,111.4059637,,,,,,x,1,2025-11-21_11h48.00.134,solo_project,,2025.1.1,60.01709286,2025-11-21 11h48.06.859848 +0530
invalid_diff,-0.168,-0.175,0.168,-0.149,26,26,0,,,,up,0.3380714,None,,,,,0,26,26,29,111.4220964,,,,,,,,,,,,,,,,,,,,,,,,,,,,,,,,,111.4067207,111.4220964,112.4057686,112.4057686,112.4057686,112.5057674,112.7058625,112.7058625,113.0557869,up,0.3380714,None,113.0558313,113.0719147,113.5720441,113.5560334,,,,,,x,1,2025-11-21_11h48.00.134,solo_project,,2025.1.1,60.01709286,2025-11-21 11h48.06.859848 +0530
valid,0.168,0.175,0.168,0.149,27,27,0,,,,up,0.3416498,None,,,,,0,27,27,18,113.5720441,,,,,,,,,,,,,,,,,,,,,,,,,,,,,,,,,113.5567254,113.5720441,114.5557217,114.5557217,114.5557217,114.6556821,114.8557677,114.8557677,115.2063376,up,0.3416498,None,115.2064456,115.2219992,115.7220992,115.7059804,,,,,,x,1,2025-11-21_11h48.00.134,solo_project,,2025.1.1,60.01709286,2025-11-21 11h48.06.859848 +0530
valid,-0.168,-0.175,-0.168,-0.149,28,28,0,,,,up,0.3108545,None,,,,,0,28,28,1,115.7220992,,,,,,,,,,,,,,,,,,,,,,,,,,,,,,,,,115.706672,115.7220992,116.7058273,116.7058273,116.7058273,116.8057387,117.0058108,117.0058108,117.3228263,up,0.3108545,None,117.3229354,117.3387791,117.8389424,117.8224756,,,,,,x,1,2025-11-21_11h48.00.134,solo_project,,2025.1.1,60.01709286,2025-11-21 11h48.06.859848 +0530
invalid_same,-0.168,-0.175,-0.168,0.149,29,29,0,,,,up,0.3124496,None,,,,,0,29,29,25,117.8389424,,,,,,,,,,,,,,,,,,,,,,,,,,,,,,,,,117.8231649,117.8389424,118.8219284,118.8219284,118.8219284,118.9219272,119.1221696,119.1221696,119.4396004,up,0.3124496,None,119.4397087,119.4555383,119.9552254,119.9386875,,,,,,x,1,2025-11-21_11h48.00.134,solo_project,,2025.1.1,60.01709286,2025-11-21 11h48.06.859848 +0530
invalid_diff,0.168,0.175,-0.168,0.149,30,30,0,,,,up,0.3302728,None,,,,,0,30,30,30,119.9552254,,,,,,,,,,,,,,,,,,,,,,,,,,,,,,,,,119.9392963,119.9552254,120.9557363,120.9557363,120.9557363,121.0556417,121.2556268,121.2556268,121.5894787,up,0.3302728,None,121.5895892,121.6055544,122.1055294,122.0892194,,,,,,x,1,2025-11-21_11h48.00.134,solo_project,,2025.1.1,60.01709286,2025-11-21 11h48.06.859848 +0530
valid,-0.168,0.175,-0.168,0.149,31,31,0,,,,up,0.3268547,None,,,,,0,31,31,4,122.1055294,,,,,,,,,,,,,,,,,,,,,,,,,,,,,,,,,122.0899744,122.1055294,123.0889766,123.0889766,123.0889766,123.1889227,123.3889992,123.3889992,123.7227747,up,0.3268547,None,123.7228841,123.7389711,124.2385524,124.2219688,,,,,,x,1,2025-11-21_11h48.00.134,solo_project,,2025.1.1,60.01709286,2025-11-21 11h48.06.859848 +0530
valid,-0.168,0.175,-0.168,0.149,32,32,0,,,,up,0.3519856,None,,,,,0,32,32,0,124.2385524,,,,,,,,,,,,,,,,,,,,,,,,,,,,,,,,,124.2222619,124.2385524,125.222,125.222,125.222,125.321984,125.5226757,125.5226757,125.8892524,up,0.3519856,None,125.8892977,125.9051083,126.4053942,126.3887915,,,,,,x,1,2025-11-21_11h48.00.134,solo_project,,2025.1.1,60.01709286,2025-11-21 11h48.06.859848 +0530
valid,-0.168,0.175,-0.168,0.149,33,33,0,,,,up,0.3320261,None,,,,,0,33,33,12,126.4053942,,,,,,,,,,,,,,,,,,,,,,,,,,,,,,,,,126.3892455,126.4053942,127.3892252,127.3892252,127.3892252,127.4888015,127.6887838,127.6887838,128.0233051,up,0.3320261,None,128.0234811,128.0388558,128.5388837,128.5230859,,,,,,x,1,2025-11-21_11h48.00.134,solo_project,,2025.1.1,60.01709286,2025-11-21 11h48.06.859848 +0530
valid,0.168,0.175,0.168,0.149,34,34,0,,,,up,0.3400224,None,,,,,0,34,34,6,128.5388837,,,,,,,,,,,,,,,,,,,,,,,,,,,,,,,,,128.5242775,128.5388837,129.5388597,129.5388597,129.5388597,129.638715,129.838839,129.838839,130.1897451,up,0.3400224,None,130.1899056,130.2052718,130.7053434,130.689577,,,,,,x,1,2025-11-21_11h48.00.134,solo_project,,2025.1.1,60.01709286,2025-11-21 11h48.06.859848 +0530
valid,-0.168,0.175,-0.168,0.149,35,35,0,,,,up,0.3162536,None,,,,,0,35,35,20,130.7053434,,,,,,,,,,,,,,,,,,,,,,,,,,,,,,,,,130.6908197,130.7053434,131.705377,131.705377,131.705377,131.8053336,132.0053006,132.0053006,132.3223659,up,0.3162536,None,132.3224118,132.3384841,132.8385848,132.8220505,,,,,,x,1,2025-11-21_11h48.00.134,solo_project,,2025.1.1,60.01709286,2025-11-21 11h48.06.859848 +0530
valid,-0.168,-0.175,-0.168,-0.149,36,0,1,,,,up,0.3023766,None,,,,,1,0,36,5,132.8385848,,,,,,,,,,,,,,,,,,,,,,,,,,,,,,,,,132.8224373,132.8385848,133.8219198,133.8219198,133.8219198,133.921923,134.122037,134.122037,134.4391042,up,0.3023766,None,134.4391757,134.4552695,134.9553598,134.9389504,,,,,,x,1,2025-11-21_11h48.00.134,solo_project,,2025.1.1,60.01709286,2025-11-21 11h48.06.859848 +0530
valid,0.168,0.175,0.168,0.149,37,1,1,,,,up,0.286076,None,,,,,1,1,37,2,134.9553598,,,,,,,,,,,,,,,,,,,,,,,,,,,,,,,,,134.9392583,134.9553598,135.9387216,135.9387216,135.9387216,136.0386448,136.2386866,136.2386866,136.539027,up,0.286076,None,136.539068,136.5551963,137.0553858,137.0389305,,,,,,x,1,2025-11-21_11h48.00.134,solo_project,,2025.1.1,60.01709286,2025-11-21 11h48.06.859848 +0530
invalid_same,-0.168,-0.175,-0.168,0.149,38,2,1,,,,up,0.3558929,None,,,,,1,2,38,25,137.0553858,,,,,,,,,,,,,,,,,,,,,,,,,,,,,,,,,137.0392393,137.0553858,138.0386184,138.0386184,138.0386184,138.1387947,138.338813,138.338813,138.7059813,up,0.3558929,None,138.7060597,138.7218516,139.2219449,139.2055951,,,,,,x,1,2025-11-21_11h48.00.134,solo_project,,2025.1.1,60.01709286,2025-11-21 11h48.06.859848 +0530
valid,-0.168,0.175,-0.168,0.149,39,3,1,,,,up,0.3014552,None,,,,,1,3,39,16,139.2219449,,,,,,,,,,,,,,,,,,,,,,,,,,,,,,,,,139.2062308,139.2219449,140.2054407,140.2054407,140.2054407,140.3053374,140.5053769,140.5053769,140.8226542,up,0.3014552,None,140.8227604,140.838639,141.3385209,141.3219671,,,,,,x,1,2025-11-21_11h48.00.134,solo_project,,2025.1.1,60.01709286,2025-11-21 11h48.06.859848 +0530
invalid_diff,-0.168,-0.175,0.168,-0.149,40,4,1,,,,up,0.2802073,None,,,,,1,4,40,29,141.3385209,,,,,,,,,,,,,,,,,,,,,,,,,,,,,,,,,141.3225276,141.3385209,142.3220512,142.3220512,142.3220512,142.4220996,142.6220874,142.6220874,142.9056839,up,0.2802073,None,142.9057432,142.9217757,143.421812,143.4052592,,,,,,x,1,2025-11-21_11h48.00.134,solo_project,,2025.1.1,60.01709286,2025-11-21 11h48.06.859848 +0530
valid,0.168,-0.175,0.168,-0.149,41,5,1,,,,up,0.3484067,None,,,,,1,5,41,3,143.421812,,,,,,,,,,,,,,,,,,,,,,,,,,,,,,,,,143.4055821,143.421812,144.4055916,144.4055916,144.4055916,144.5055799,144.7052031,144.7052031,145.056202,up,0.3484067,None,145.0563047,145.0718215,145.5718369,145.5553598,,,,,,x,1,2025-11-21_11h48.00.134,solo_project,,2025.1.1,60.01709286,2025-11-21 11h48.06.859848 +0530
valid,0.168,-0.175,0.168,-0.149,42,6,1,,,,up,0.3099964,None,,,,,1,6,42,19,145.5718369,,,,,,,,,,,,,,,,,,,,,,,,,,,,,,,,,145.5559457,145.5718369,146.571709,146.571709,146.571709,146.6717961,146.871914,146.871914,147.1889872,up,0.3099964,None,147.1890314,147.2050751,147.7052701,147.6888185,,,,,,x,1,2025-11-21_11h48.00.134,solo_project,,2025.1.1,60.01709286,2025-11-21 11h48.06.859848 +0530
valid,-0.168,0.175,-0.168,0.149,43,7,1,,,,up,0.2712305,None,,,,,1,7,43,0,147.7052701,,,,,,,,,,,,,,,,,,,,,,,,,,,,,,,,,147.6893036,147.7052701,148.6886862,148.6886862,148.6886862,148.7887648,148.9887809,148.9887809,149.272597,up,0.2712305,None,149.2726965,149.2886899,149.7885843,149.7722508,,,,,,x,1,2025-11-21_11h48.00.134,solo_project,,2025.1.1,60.01709286,2025-11-21 11h48.06.859848 +0530
valid,0.168,-0.175,0.168,-0.149,44,8,1,,,,up,0.2782702,None,,,,,1,8,44,15,149.7885843,,,,,,,,,,,,,,,,,,,,,,,,,,,,,,,,,149.772945,149.7885843,150.7719418,150.7719418,150.7719418,150.8720664,151.0718455,151.0718455,151.3556564,up,0.2782702,None,151.3557248,151.3719205,151.8718539,151.8553654,,,,,,x,1,2025-11-21_11h48.00.134,solo_project,,2025.1.1,60.01709286,2025-11-21 11h48.06.859848 +0530
valid,-0.168,0.175,-0.168,0.149,45,9,1,,,,up,0.2951099,None,,,,,1,9,45,8,151.8718539,,,,,,,,,,,,,,,,,,,,,,,,,,,,,,,,,151.8556788,151.8718539,152.8552586,152.8552586,152.8552586,152.9551389,153.1553418,153.1553418,153.4558374,up,0.2951099,None,153.4559106,153.4717818,153.9717568,153.9553182,,,,,,x,1,2025-11-21_11h48.00.134,solo_project,,2025.1.1,60.01709286,2025-11-21 11h48.06.859848 +0530
valid,0.168,-0.175,0.168,-0.149,46,10,1,,,,up,0.3207638,None,,,,,1,10,46,7,153.9717568,,,,,,,,,,,,,,,,,,,,,,,,,,,,,,,,,153.9555939,153.9717568,154.9553928,154.9553928,154.9553928,155.0552602,155.2553895,155.2553895,155.5889642,up,0.3207638,None,155.5890087,155.605037,156.1050995,156.0886912,,,,,,x,1,2025-11-21_11h48.00.134,solo_project,,2025.1.1,60.01709286,2025-11-21 11h48.06.859848 +0530
invalid_diff,-0.168,0.175,0.168,0.149,47,11,1,,,,up,0.3048747,None,,,,,1,11,47,28,156.1050995,,,,,,,,,,,,,,,,,,,,,,,,,,,,,,,,,156.0892743,156.1050995,157.0885872,157.0885872,157.0885872,157.188592,157.388602,157.388602,157.7057079,up,0.3048747,None,157.7057947,157.7217036,158.2217988,158.2055794,,,,,,x,1,2025-11-21_11h48.00.134,solo_project,,2025.1.1,60.01709286,2025-11-21 11h48.06.859848 +0530
valid,0.168,-0.175,0.168,-0.149,48,12,1,,,,up,0.3275246,None,,,,,1,12,48,11,158.2217988,,,,,,,,,,,,,,,,,,,,,,,,,,,,,,,,,158.2059434,158.2217988,159.2053292,159.2053292,159.2053292,159.3051867,159.5053074,159.5053074,159.8391984,up,0.3275246,None,159.8392938,159.8552587,160.3551075,160.3386956,,,,,,x,1,2025-11-21_11h48.00.134,solo_project,,2025.1.1,60.01709286,2025-11-21 11h48.06.859848 +0530
valid,-0.168,0.175,-0.168,0.149,49,13,1,,,,up,0.360929,None,,,,,1,13,49,4,160.3551075,,,,,,,,,,,,,,,,,,,,,,,,,,,,,,,,,160.3392402,160.3551075,161.3385338,161.3385338,161.3385338,161.4386635,161.6384983,161.6384983,162.0058829,up,0.360929,None,162.0059784,162.0218157,162.5217945,162.5055736,,,,,,x,1,2025-11-21_11h48.00.134,solo_project,,2025.1.1,60.01709286,2025-11-21 11h48.06.859848 +0530
invalid_same,0.168,-0.175,0.168,0.149,50,14,1,,,,up,0.3731886,None,,,,,1,14,50,27,162.5217945,,,,,,,,,,,,,,,,,,,,,,,,,,,,,,,,,162.5061824,162.5217945,163.5052625,163.5052625,163.5052625,163.6052847,163.8049724,163.8049724,164.1888932,up,0.3731886,None,164.1889378,164.2049491,164.7051155,164.6883765,,,,,,x,1,2025-11-21_11h48.00.134,solo_project,,2025.1.1,60.01709286,2025-11-21 11h48.06.859848 +0530
catch,0.168,0.175,None,None,51,15,1,,,,None,,,,,,,1,15,51,34,164.7051155,,,,,,,,,,,,,,,,,,,,,,,,,,,,,,,,,164.6887631,164.7051155,165.6886409,165.6886409,165.6886409,165.7885639,165.9885717,165.9885717,167.9724577,None,,,167.9725429,167.9886897,168.48876,168.4722605,167.9886897,167.9886897,167.9886897,167.9886897,167.9886897,x,1,2025-11-21_11h48.00.134,solo_project,,2025.1.1,60.01709286,2025-11-21 11h48.06.859848 +0530
valid,-0.168,-0.175,-0.168,-0.149,52,16,1,,,,up,0.3483539,None,,,,,1,16,52,21,168.48876,,,,,,,,,,,,,,,,,,,,,,,,,,,,,,,,,168.4729397,168.48876,169.4884193,169.4884193,169.4884193,169.5886022,169.7885549,169.7885549,170.1396781,up,0.3483539,None,170.1397893,170.1553704,170.6554408,170.639009,,,,,,x,1,2025-11-21_11h48.00.134,solo_project,,2025.1.1,60.01709286,2025-11-21 11h48.06.859848 +0530
valid,0.168,0.175,0.168,0.149,53,17,1,,,,up,0.3115175,None,,,,,1,17,53,14,170.6554408,,,,,,,,,,,,,,,,,,,,,,,,,,,,,,,,,170.6396985,170.6554408,171.6554783,171.6554783,171.6554783,171.7554793,171.9554593,171.9554593,172.2726266,up,0.3115175,None,172.2727354,172.2887965,172.7886525,172.7722778,,,,,,x,1,2025-11-21_11h48.00.134,solo_project,,2025.1.1,60.01709286,2025-11-21 11h48.06.859848 +0530
valid,-0.168,0.175,-0.168,0.149,54,18,1,,,,up,0.3257399,None,,,,,1,18,54,20,172.7886525,,,,,,,,,,,,,,,,,,,,,,,,,,,,,,,,,172.7729671,172.7886525,173.7883936,173.7883936,173.7883936,173.8888203,174.0720495,174.0720495,174.4061493,up,0.3257399,None,174.4062528,174.4218696,174.921635,174.9053308,,,,,,x,1,2025-11-21_11h48.00.134,solo_project,,2025.1.1,60.01709286,2025-11-21 11h48.06.859848 +0530
invalid_same,0.168,0.175,0.168,-0.149,55,19,1,,,,up,0.3065635,None,,,,,1,19,55,26,174.921635,,,,,,,,,,,,,,,,,,,,,,,,,,,,,,,,,174.905816,174.921635,175.9054399,175.9054399,175.9054399,176.0052534,176.2055336,176.2055336,176.5226039,up,0.3065635,None,176.5227151,176.5387813,177.0387054,177.0222321,,,,,,x,1,2025-11-21_11h48.00.134,solo_project,,2025.1.1,60.01709286,2025-11-21 11h48.06.859848 +0530
valid,-0.168,-0.175,-0.168,-0.149,56,20,1,,,,up,0.3574865,None,,,,,1,20,56,13,177.0387054,,,,,,,,,,,,,,,,,,,,,,,,,,,,,,,,,177.0229308,177.0387054,178.0219927,178.0219927,178.0219927,178.1219747,178.3220516,178.3220516,178.689435,up,0.3574865,None,178.6895455,178.7053358,179.2054836,179.1890032,,,,,,x,1,2025-11-21_11h48.00.134,solo_project,,2025.1.1,60.01709286,2025-11-21 11h48.06.859848 +0530
invalid_diff,0.168,0.175,-0.168,0.149,57,21,1,,,,up,0.2865161,None,,,,,1,21,57,30,179.2054836,,,,,,,,,,,,,,,,,,,,,,,,,,,,,,,,,179.1896963,179.2054836,180.1888454,180.1888454,180.1888454,180.2887603,180.5051105,180.5051105,180.805471,up,0.2865161,None,180.8055135,180.8215368,,181.3056839,,,,,,x,1,2025-11-21_11h48.00.134,solo_project,,2025.1.1,60.01709286,2025-11-21 11h48.06.859848 +0530
valid,0.168,0.175,0.168,0.149,58,22,1,,,,up,0.36651,None,,,,,1,22,58,18,181.3217877,,,,,,,,,,,,,,,,,,,,,,,,,,,,,,,,,181.306473,181.3217877,182.3052869,182.3052869,182.3052869,182.4054016,182.6054428,182.6054428,182.9726254,up,0.36651,None,182.9727366,182.9886301,183.4884398,183.4720503,,,,,,x,1,2025-11-21_11h48.00.134,solo_project,,2025.1.1,60.01709286,2025-11-21 11h48.06.859848 +0530
invalid_same,-0.168,0.175,-0.168,-0.149,59,23,1,,,,up,0.2973184,None,,,,,1,23,59,24,183.4884398,,,,,,,,,,,,,,,,,,,,,,,,,,,,,,,,,183.4726854,183.4884398,184.471987,184.471987,184.471987,184.5720726,184.7720197,184.7720197,185.0724299,up,0.2973184,None,185.0725422,185.0887331,185.5886869,185.5721808,,,,,,x,1,2025-11-21_11h48.00.134,solo_project,,2025.1.1,60.01709286,2025-11-21 11h48.06.859848 +0530
invalid_diff,0.168,-0.175,-0.168,-0.149,60,24,1,,,,up,0.304551,None,,,,,1,24,60,31,185.5886869,,,,,,,,,,,,,,,,,,,,,,,,,,,,,,,,,185.5728816,185.5886869,186.5720056,186.5720056,186.5720056,186.6719329,186.8720579,186.8720579,187.1891945,up,0.304551,None,187.1892936,187.2052934,187.7053784,187.6889344,,,,,,x,1,2025-11-21_11h48.00.134,solo_project,,2025.1.1,60.01709286,2025-11-21 11h48.06.859848 +0530
valid,-0.168,-0.175,-0.168,-0.149,61,25,1,,,,up,0.3712357,None,,,,,1,25,61,9,187.7053784,,,,,,,,,,,,,,,,,,,,,,,,,,,,,,,,,187.6896249,187.7053784,188.6888673,188.6888673,188.6888673,188.788787,188.9889081,188.9889081,189.3725926,up,0.3712357,None,189.372702,189.3887184,189.8886593,189.8722588,,,,,,x,1,2025-11-21_11h48.00.134,solo_project,,2025.1.1,60.01709286,2025-11-21 11h48.06.859848 +0530
valid,0.168,-0.175,0.168,-0.149,62,26,1,,,,up,0.3136926,None,,,,,1,26,62,23,189.8886593,,,,,,,,,,,,,,,,,,,,,,,,,,,,,,,,,189.8729454,189.8886593,190.8719938,190.8719938,190.8719938,190.9719432,191.1720748,191.1720748,191.4892078,up,0.3136926,None,191.489309,191.5051242,192.0049963,191.988472,,,,,,x,1,2025-11-21_11h48.00.134,solo_project,,2025.1.1,60.01709286,2025-11-21 11h48.06.859848 +0530
catch,-0.168,0.175,None,None,63,27,1,,,,None,,,,,,,1,27,63,32,192.0049963,,,,,,,,,,,,,,,,,,,,,,,,,,,,,,,,,191.9887889,192.0049963,192.9888103,192.9888103,192.9888103,193.0886414,193.2888911,193.2888911,195.2724925,None,,,195.2725765,195.2885961,195.7887356,195.7721804,195.2885961,195.2885961,195.2885961,195.2885961,195.2885961,x,1,2025-11-21_11h48.00.134,solo_project,,2025.1.1,60.01709286,2025-11-21 11h48.06.859848 +0530
valid,-0.168,0.175,-0.168,0.149,64,28,1,,,,up,0.288018,None,,,,,1,28,64,12,195.7887356,,,,,,,,,,,,,,,,,,,,,,,,,,,,,,,,,195.7728735,195.7887356,196.7887396,196.7887396,196.7887396,196.8886333,197.0886275,197.0886275,197.3890975,up,0.288018,None,197.3891884,197.4053523,197.9054103,197.8890197,,,,,,x,1,2025-11-21_11h48.00.134,solo_project,,2025.1.1,60.01709286,2025-11-21 11h48.06.859848 +0530
valid,-0.168,-0.175,-0.168,-0.149,65,29,1,,,,up,0.2854608,None,,,,,1,29,65,17,197.9054103,,,,,,,,,,,,,,,,,,,,,,,,,,,,,,,,,197.8896269,197.9054103,198.8887968,198.8887968,198.8887968,198.9886251,199.1887636,199.1887636,199.4894656,up,0.2854608,None,199.4895766,199.5053465,200.0049235,199.9884963,,,,,,x,1,2025-11-21_11h48.00.134,solo_project,,2025.1.1,60.01709286,2025-11-21 11h48.06.859848 +0530
valid,-0.168,-0.175,-0.168,-0.149,66,30,1,,,,up,0.3048363,None,,,,,1,30,66,1,200.0049235,,,,,,,,,,,,,,,,,,,,,,,,,,,,,,,,,199.988791,200.0049235,200.98866,200.98866,200.98866,201.0886417,201.305527,201.305527,201.6226786,up,0.3048363,None,201.6227902,201.6386973,202.1387568,202.122244,,,,,,x,1,2025-11-21_11h48.00.134,solo_project,,2025.1.1,60.01709286,2025-11-21 11h48.06.859848 +0530
valid,0.168,0.175,0.168,0.149,67,31,1,,,,up,0.3694565,None,,,,,1,31,67,22,202.1387568,,,,,,,,,,,,,,,,,,,,,,,,,,,,,,,,,202.1229456,202.1387568,203.1217537,203.1217537,203.1217537,203.2215655,203.4219751,203.4219751,203.8060611,up,0.3694565,None,203.8061629,203.8219058,204.3218379,204.3055799,,,,,,x,1,2025-11-21_11h48.00.134,solo_project,,2025.1.1,60.01709286,2025-11-21 11h48.06.859848 +0530
valid,0.168,0.175,0.168,0.149,68,32,1,,,,up,0.3472896,None,,,,,1,32,68,10,204.3218379,,,,,,,,,,,,,,,,,,,,,,,,,,,,,,,,,204.306302,204.3218379,205.3054879,205.3054879,205.3054879,205.405467,205.6054069,205.6054069,205.9564573,up,0.3472896,None,205.9565708,205.9718114,206.4719527,206.455734,,,,,,x,1,2025-11-21_11h48.00.134,solo_project,,2025.1.1,60.01709286,2025-11-21 11h48.06.859848 +0530
catch,0.168,-0.175,None,None,69,33,1,,,,None,,,,,,,1,33,69,35,206.4719527,,,,,,,,,,,,,,,,,,,,,,,,,,,,,,,,,206.4566002,206.4719527,207.4720366,207.4720366,207.4720366,207.5719907,207.7719493,207.7719493,209.7558295,None,,,209.7559148,209.7719338,210.2719149,210.2556556,209.7719338,209.7719338,209.7719338,209.7719338,209.7719338,x,1,2025-11-21_11h48.00.134,solo_project,,2025.1.1,60.01709286,2025-11-21 11h48.06.859848 +0530
catch,-0.168,-0.175,None,None,70,34,1,,,,None,,,,,,,1,34,70,33,210.2719149,,,,,,,,,,,,,,,,,,,,,,,,,,,,,,,,,210.2565129,210.2719149,211.2719919,211.2719919,211.2719919,211.371991,211.5720683,211.5720683,213.5559291,None,,,213.5560139,213.5718769,214.0715394,214.0553066,213.5718769,213.5718769,213.5718769,213.5718769,213.5718769,x,1,2025-11-21_11h48.00.134,solo_project,,2025.1.1,60.01709286,2025-11-21 11h48.06.859848 +0530
valid,0.168,0.175,0.168,0.149,71,35,1,,,,up,0.3217698,None,,,,,1,35,71,6,214.0715394,,,,,,,,,,,,,,,,,,,,,,,,,,,,,,,,,214.0558299,214.0715394,215.0719895,215.0719895,215.0719895,215.1720076,215.3718478,215.3718478,215.7060182,up,0.3217698,None,215.7061263,215.7218859,216.2217228,216.2056923,,,,,,x,1,2025-11-21_11h48.00.134,solo_project,,2025.1.1,60.01709286,2025-11-21 11h48.06.859848 +0530
valid,-0.168,-0.175,-0.168,-0.149,72,0,2,,,,up,0.3003201,None,,,,,2,0,72,13,216.2217228,,,,,,,,,,,,,,,,,,,,,,,,,,,,,,,,,216.2064015,216.2217228,217.2052336,217.2052336,217.2052336,217.3053883,217.5054164,217.5054164,217.8226654,up,0.3003201,None,217.822776,217.83847,218.3387679,218.3222476,,,,,,x,1,2025-11-21_11h48.00.134,solo_project,,2025.1.1,60.01709286,2025-11-21 11h48.06.859848 +0530
valid,0.168,-0.175,0.168,-0.149,73,1,2,,,,up,0.3175113,None,,,,,2,1,73,15,218.3387679,,,,,,,,,,,,,,,,,,,,,,,,,,,,,,,,,218.3229874,218.3387679,219.3217938,219.3217938,219.3217938,219.4219778,219.6385169,219.6385169,219.9724246,up,0.3175113,None,219.9725248,219.9883035,220.4887287,220.4722308,,,,,,x,1,2025-11-21_11h48.00.134,solo_project,,2025.1.1,60.01709286,2025-11-21 11h48.06.859848 +0530
valid,0.168,-0.175,0.168,-0.149,74,2,2,,,,up,0.3011592,None,,,,,2,2,74,3,220.4887287,,,,,,,,,,,,,,,,,,,,,,,,,,,,,,,,,220.4729166,220.4887287,221.471983,221.471983,221.471983,221.5717478,221.7719729,221.7719729,222.0892373,up,0.3011592,None,222.0893461,222.1052964,222.6053338,222.5888941,,,,,,x,1,2025-11-21_11h48.00.134,solo_project,,2025.1.1,60.01709286,2025-11-21 11h48.06.859848 +0530
invalid_diff,0.168,-0.175,-0.168,-0.149,75,3,2,,,,up,0.3369171,None,,,,,2,3,75,31,222.6053338,,,,,,,,,,,,,,,,,,,,,,,,,,,,,,,,,222.5896439,222.6053338,223.5887414,223.5887414,223.5887414,223.6887053,223.8886358,223.8886358,224.2392528,up,0.3369171,None,224.2393558,224.2551875,224.7553433,224.7389524,,,,,,x,1,2025-11-21_11h48.00.134,solo_project,,2025.1.1,60.01709286,2025-11-21 11h48.06.859848 +0530
catch,-0.168,-0.175,None,None,76,4,2,,,,None,,,,,,,2,4,76,33,224.7553433,,,,,,,,,,,,,,,,,,,,,,,,,,,,,,,,,224.7398432,224.7553433,225.7549556,225.7549556,225.7549556,225.8552576,226.0387762,226.0387762,228.0223272,None,,,228.022412,228.0386255,228.5386457,228.5221225,228.0386255,228.0386255,228.0386255,228.0386255,228.0386255,x,1,2025-11-21_11h48.00.134,solo_project,,2025.1.1,60.01709286,2025-11-21 11h48.06.859848 +0530
invalid_same,-0.168,-0.175,-0.168,0.149,77,5,2,,,,up,0.3136335,None,,,,,2,5,77,25,228.5386457,,,,,,,,,,,,,,,,,,,,,,,,,,,,,,,,,228.5228179,228.5386457,229.538723,229.538723,229.538723,229.6386227,229.8385968,229.8385968,230.1557907,up,0.3136335,None,230.1559003,230.1716171,230.6718333,230.6554883,,,,,,x,1,2025-11-21_11h48.00.134,solo_project,,2025.1.1,60.01709286,2025-11-21 11h48.06.859848 +0530
valid,-0.168,-0.175,-0.168,-0.149,78,6,2,,,,up,0.3161754,None,,,,,2,6,78,21,230.6718333,,,,,,,,,,,,,,,,,,,,,,,,,,,,,,,,,230.6561882,230.6718333,231.6553747,231.6553747,231.6553747,231.7553568,231.9551906,231.9551906,232.2723704,up,0.3161754,None,232.272481,232.2886176,232.7886268,232.7721985,,,,,,x,1,2025-11-21_11h48.00.134,solo_project,,2025.1.1,60.01709286,2025-11-21 11h48.06.859848 +0530
valid,0.168,0.175,0.168,0.149,79,7,2,,,,up,0.2976995,None,,,,,2,7,79,6,232.7886268,,,,,,,,,,,,,,,,,,,,,,,,,,,,,,,,,232.7728884,232.7886268,233.7718798,233.7718798,233.7718798,233.8718464,234.0718471,234.0718471,234.3722911,up,0.2976995,None,234.3724006,234.3884569,234.8883956,234.8722077,,,,,,x,1,2025-11-21_11h48.00.134,solo_project,,2025.1.1,60.01709286,2025-11-21 11h48.06.859848 +0530
valid,0.168,-0.175,0.168,-0.149,80,8,2,,,,up,0.3385198,None,,,,,2,8,80,7,234.8883956,,,,,,,,,,,,,,,,,,,,,,,,,,,,,,,,,234.8729037,234.8883956,235.871932,235.871932,235.871932,235.9716731,236.1719361,236.1719361,236.5219888,up,0.3385198,None,236.5220296,236.5383034,237.038512,237.0221675,,,,,,x,1,2025-11-21_11h48.00.134,solo_project,,2025.1.1,60.01709286,2025-11-21 11h48.06.859848 +0530
invalid_same,-0.168,0.175,-0.168,-0.149,81,9,2,,,,up,0.4843541,None,,,,,2,9,81,24,237.038512,,,,,,,,,,,,,,,,,,,,,,,,,,,,,,,,,237.0228629,237.038512,238.0219613,238.0219613,238.0219613,238.1218836,238.3220031,238.3220031,238.8222665,up,0.4843541,None,238.8223766,238.8384015,239.3384389,239.3221671,,,,,,x,1,2025-11-21_11h48.00.134,solo_project,,2025.1.1,60.01709286,2025-11-21 11h48.06.859848 +0530
valid,-0.168,-0.175,-0.168,-0.149,82,10,2,,,,up,0.3641018,None,,,,,2,10,82,17,239.3384389,,,,,,,,,,,,,,,,,,,,,,,,,,,,,,,,,239.3228564,239.3384389,240.321846,240.321846,240.321846,240.4219091,240.6218905,240.6218905,240.9890693,up,0.3641018,None,240.9891781,241.0051052,241.5051777,241.4889025,,,,,,x,1,2025-11-21_11h48.00.134,solo_project,,2025.1.1,60.01709286,2025-11-21 11h48.06.859848 +0530
valid,-0.168,-0.175,-0.168,-0.149,83,11,2,,,,up,0.3277508,None,,,,,2,11,83,9,241.5051777,,,,,,,,,,,,,,,,,,,,,,,,,,,,,,,,,241.4895973,241.5051777,242.4882725,242.4882725,242.4882725,242.5886797,242.7886961,242.7886961,243.1224498,up,0.3277508,None,243.1225598,243.1385144,243.63858,243.6221652,,,,,,x,1,2025-11-21_11h48.00.134,solo_project,,2025.1.1,60.01709286,2025-11-21 11h48.06.859848 +0530
valid,0.168,0.175,0.168,0.149,84,12,2,,,,up,0.4526769,None,,,,,2,12,84,10,243.63858,,,,,,,,,,,,,,,,,,,,,,,,,,,,,,,,,243.6228622,243.63858,244.6219504,244.6219504,244.6219504,244.7217425,244.9219441,244.9219441,245.3890466,up,0.4526769,None,245.3891548,245.4050578,245.9051935,245.8886672,,,,,,x,1,2025-11-21_11h48.00.134,solo_project,,2025.1.1,60.01709286,2025-11-21 11h48.06.859848 +0530
catch,0.168,0.175,None,None,85,13,2,,,,None,,,,,,,2,13,85,34,245.9051935,,,,,,,,,,,,,,,,,,,,,,,,,,,,,,,,,245.8895574,245.9051935,246.8884452,246.8884452,246.8884452,246.9886866,247.1886747,247.1886747,249.1724467,None,,,249.1725321,249.1883688,249.6883598,249.6721504,249.1883688,249.1883688,249.1883688,249.1883688,249.1883688,x,1,2025-11-21_11h48.00.134,solo_project,,2025.1.1,60.01709286,2025-11-21 11h48.06.859848 +0530
catch,-0.168,0.175,None,None,86,14,2,,,,None,,,,,,,2,14,86,32,249.6883598,,,,,,,,,,,,,,,,,,,,,,,,,,,,,,,,,249.6730206,249.6883598,250.688581,250.688581,250.688581,250.7885175,250.9885017,250.9885017,252.9723442,None,,,252.9724322,252.9885017,253.4885295,253.4720659,252.9885017,252.9885017,252.9885017,252.9885017,252.9885017,x,1,2025-11-21_11h48.00.134,solo_project,,2025.1.1,60.01709286,2025-11-21 11h48.06.859848 +0530
valid,0.168,-0.175,0.168,-0.149,87,15,2,,,,up,0.2956438,None,,,,,2,15,87,19,253.4885295,,,,,,,,,,,,,,,,,,,,,,,,,,,,,,,,,253.4727085,253.4885295,254.4886808,254.4886808,254.4886808,254.5886195,254.7884901,254.7884901,255.0891293,up,0.2956438,None,255.0892497,255.1051099,255.6052324,255.5888445,,,,,,x,1,2025-11-21_11h48.00.134,solo_project,,2025.1.1,60.01709286,2025-11-21 11h48.06.859848 +0530
valid,0.168,0.175,0.168,0.149,88,16,2,,,,up,0.3062915,None,,,,,2,16,88,18,255.6052324,,,,,,,,,,,,,,,,,,,,,,,,,,,,,,,,,255.5895746,255.6052324,256.605242,256.605242,256.605242,256.7052756,256.8883374,256.8883374,257.2058189,up,0.3062915,None,257.2059217,257.2215791,257.7216738,257.7055442,,,,,,x,1,2025-11-21_11h48.00.134,solo_project,,2025.1.1,60.01709286,2025-11-21 11h48.06.859848 +0530
valid,0.168,0.175,0.168,0.149,89,17,2,,,,up,0.3733703,None,,,,,2,17,89,14,257.7216738,,,,,,,,,,,,,,,,,,,,,,,,,,,,,,,,,257.7062309,257.7216738,258.7052625,258.7052625,258.7052625,258.8048029,259.0048101,259.0048101,259.3888541,up,0.3733703,None,259.3889543,259.4050749,259.9048392,259.8884311,,,,,,x,1,2025-11-21_11h48.00.134,solo_project,,2025.1.1,60.01709286,2025-11-21 11h48.06.859848 +0530
valid,-0.168,-0.175,-0.168,-0.149,90,18,2,,,,up,0.3775276,None,,,,,2,18,90,5,259.9048392,,,,,,,,,,,,,,,,,,,,,,,,,,,,,,,,,259.8888983,259.9048392,260.8884986,260.8884986,260.8884986,260.9886172,261.1884443,261.1884443,261.5725809,up,0.3775276,None,261.5727041,261.5885131,262.0882025,262.0715029,,,,,,x,1,2025-11-21_11h48.00.134,solo_project,,2025.1.1,60.01709286,2025-11-21 11h48.06.859848 +0530
valid,0.168,-0.175,0.168,-0.149,91,19,2,,,,up,0.2898507,None,,,,,2,19,91,11,262.0882025,,,,,,,,,,,,,,,,,,,,,,,,,,,,,,,,,262.071929,262.0882025,263.0716798,263.0716798,263.0716798,263.1718025,263.3884922,263.3884922,263.6892119,up,0.2898507,None,263.6893188,263.7048744,264.2050732,264.1887212,,,,,,x,1,2025-11-21_11h48.00.134,solo_project,,2025.1.1,60.01709286,2025-11-21 11h48.06.859848 +0530
invalid_diff,0.168,0.175,-0.168,0.149,92,20,2,,,,up,0.3134128,None,,,,,2,20,92,30,264.2050732,,,,,,,,,,,,,,,,,,,,,,,,,,,,,,,,,264.1894145,264.2050732,265.1885829,265.1885829,265.1885829,265.2886102,265.4886595,265.4886595,265.8056882,up,0.3134128,None,265.8057999,265.8217298,266.321688,266.3054105,,,,,,x,1,2025-11-21_11h48.00.134,solo_project,,2025.1.1,60.01709286,2025-11-21 11h48.06.859848 +0530
invalid_diff,-0.168,0.175,0.168,0.149,93,21,2,,,,up,0.3687853,None,,,,,2,21,93,28,266.321688,,,,,,,,,,,,,,,,,,,,,,,,,,,,,,,,,266.3061205,266.321688,267.3051366,267.3051366,267.3051366,267.405139,267.6051051,267.6051051,267.9892387,up,0.3687853,None,267.9893474,268.0050104,268.5051598,268.488687,,,,,,x,1,2025-11-21_11h48.00.134,solo_project,,2025.1.1,60.01709286,2025-11-21 11h48.06.859848 +0530
invalid_same,0.168,-0.175,0.168,0.149,94,22,2,,,,up,0.3708327,None,,,,,2,22,94,27,268.5051598,,,,,,,,,,,,,,,,,,,,,,,,,,,,,,,,,268.4893733,268.5051598,269.4885657,269.4885657,269.4885657,269.588568,269.7886083,269.7886083,270.1718462,up,0.3708327,None,270.1718913,270.1881201,270.6885469,270.6718096,,,,,,x,1,2025-11-21_11h48.00.134,solo_project,,2025.1.1,60.01709286,2025-11-21 11h48.06.859848 +0530
valid,-0.168,0.175,-0.168,0.149,95,23,2,,,,up,0.4370506,None,,,,,2,23,95,16,270.6885469,,,,,,,,,,,,,,,,,,,,,,,,,,,,,,,,,270.6725029,270.6885469,271.6717119,271.6717119,271.6717119,271.7717539,271.9718163,271.9718163,272.4223081,up,0.4370506,None,272.422411,272.4384457,272.938465,272.921659,,,,,,x,1,2025-11-21_11h48.00.134,solo_project,,2025.1.1,60.01709286,2025-11-21 11h48.06.859848 +0530
valid,-0.168,0.175,-0.168,0.149,96,24,2,,,,up,0.311555,None,,,,,2,24,96,20,272.938465,,,,,,,,,,,,,,,,,,,,,,,,,,,,,,,,,272.9223238,272.938465,273.9215601,273.9215601,273.9215601,274.0215886,274.2217363,274.2217363,274.5390331,up,0.311555,None,274.5391484,274.5551035,275.0551327,275.0387243,,,,,,x,1,2025-11-21_11h48.00.134,solo_project,,2025.1.1,60.01709286,2025-11-21 11h48.06.859848 +0530
valid,0.168,-0.175,0.168,-0.149,97,25,2,,,,up,0.3703482,None,,,,,2,25,97,23,275.0551327,,,,,,,,,,,,,,,,,,,,,,,,,,,,,,,,,275.0394169,275.0551327,276.0548124,276.0548124,276.0548124,276.1550741,276.3385939,276.3385939,276.722289,up,0.3703482,None,276.7223994,276.7383528,277.2382317,277.2218877,,,,,,x,1,2025-11-21_11h48.00.134,solo_project,,2025.1.1,60.01709286,2025-11-21 11h48.06.859848 +0530
valid,-0.168,0.175,-0.168,0.149,98,26,2,,,,up,0.2662883,None,,,,,2,26,98,4,277.2382317,,,,,,,,,,,,,,,,,,,,,,,,,,,,,,,,,277.2225708,277.2382317,278.2215819,278.2215819,278.2215819,278.3216767,278.5217108,278.5217108,278.7889391,up,0.2662883,None,278.7890517,278.8051053,279.3051397,279.288695,,,,,,x,1,2025-11-21_11h48.00.134,solo_project,,2025.1.1,60.01709286,2025-11-21 11h48.06.859848 +0530
valid,-0.168,0.175,-0.168,0.149,99,27,2,,,,up,0.3024751,None,,,,,2,27,99,0,279.3051397,,,,,,,,,,,,,,,,,,,,,,,,,,,,,,,,,279.2893814,279.3051397,280.2882649,280.2882649,280.2882649,280.3884368,280.5885287,280.5885287,280.9058208,up,0.3024751,None,280.9059298,280.9216005,281.421586,281.4050062,,,,,,x,1,2025-11-21_11h48.00.134,solo_project,,2025.1.1,60.01709286,2025-11-21 11h48.06.859848 +0530
invalid_same,0.168,0.175,0.168,-0.149,100,28,2,,,,up,0.3015528,None,,,,,2,28,100,26,281.421586,,,,,,,,,,,,,,,,,,,,,,,,,,,,,,,,,281.4055989,281.421586,282.4216762,282.4216762,282.4216762,282.5216936,282.705173,282.705173,283.0223412,up,0.3015528,None,283.0224421,283.0383156,283.5382251,283.5217675,,,,,,x,1,2025-11-21_11h48.00.134,solo_project,,2025.1.1,60.01709286,2025-11-21 11h48.06.859848 +0530
invalid_diff,-0.168,-0.175,0.168,-0.149,101,29,2,,,,up,0.3674459,None,,,,,2,29,101,29,283.5382251,,,,,,,,,,,,,,,,,,,,,,,,,,,,,,,,,283.5224341,283.5382251,284.52171,284.52171,284.52171,284.6216605,284.8217195,284.8217195,285.2057077,up,0.3674459,None,285.2058176,285.2216073,285.7215988,285.7053603,,,,,,x,1,2025-11-21_11h48.00.134,solo_project,,2025.1.1,60.01709286,2025-11-21 11h48.06.859848 +0530
valid,-0.168,-0.175,-0.168,-0.149,102,30,2,,,,up,0.3270068,None,,,,,2,30,102,1,285.7215988,,,,,,,,,,,,,,,,,,,,,,,,,,,,,,,,,285.7061017,285.7215988,286.7052225,286.7052225,286.7052225,286.8048187,287.0216927,287.0216927,287.3554564,up,0.3270068,None,287.3555319,287.3714299,287.871568,287.8553485,,,,,,x,1,2025-11-21_11h48.00.134,solo_project,,2025.1.1,60.01709286,2025-11-21 11h48.06.859848 +0530
valid,-0.168,0.175,-0.168,0.149,103,31,2,,,,up,0.3204826,None,,,,,2,31,103,12,287.871568,,,,,,,,,,,,,,,,,,,,,,,,,,,,,,,,,287.8560363,287.871568,288.8550527,288.8550527,288.8550527,288.9551825,289.1550634,289.1550634,289.4890617,up,0.3204826,None,289.4891722,289.5049459,290.00497,289.9887461,,,,,,x,1,2025-11-21_11h48.00.134,solo_project,,2025.1.1,60.01709286,2025-11-21 11h48.06.859848 +0530
valid,-0.168,0.175,-0.168,0.149,104,32,2,,,,up,0.2838274,None,,,,,2,32,104,8,290.00497,,,,,,,,,,,,,,,,,,,,,,,,,,,,,,,,,289.9894633,290.00497,290.9884121,290.9884121,290.9884121,291.0883821,291.2882877,291.2882877,291.5890515,up,0.2838274,None,291.589161,291.6049774,292.1049639,292.0886791,,,,,,x,1,2025-11-21_11h48.00.134,solo_project,,2025.1.1,60.01709286,2025-11-21 11h48.06.859848 +0530
valid,0.168,0.175,0.168,0.149,105,33,2,,,,up,0.3204072,None,,,,,2,33,105,2,292.1049639,,,,,,,,,,,,,,,,,,,,,,,,,,,,,,,,,292.0893733,292.1049639,293.0884782,293.0884782,293.0884782,293.1881268,293.3885129,293.3885129,293.7222956,up,0.3204072,None,293.7224068,293.7383884,294.2381148,294.2219944,,,,,,x,1,2025-11-21_11h48.00.134,solo_project,,2025.1.1,60.01709286,2025-11-21 11h48.06.859848 +0530
valid,0.168,0.175,0.168,0.149,106,34,2,,,,up,0.2632508,None,,,,,2,34,106,22,294.2381148,,,,,,,,,,,,,,,,,,,,,,,,,,,,,,,,,294.2226953,294.2381148,295.2216516,295.2216516,295.2216516,295.3216079,295.5216879,295.5216879,295.7889571,up,0.2632508,None,295.7890593,295.8048009,296.3049652,296.2886464,,,,,,x,1,2025-11-21_11h48.00.134,solo_project,,2025.1.1,60.01709286,2025-11-21 11h48.06.859848 +0530
catch,0.168,-0.175,None,None,107,35,2,,,,None,,,,,,,2,35,107,35,296.3049652,,,,,,,,,,,,,,,,,,,,,,,,,,,,,,,,,296.2895325,296.3049652,297.2883966,297.2883966,297.2883966,297.3883561,297.5884762,297.5884762,299.572362,None,,,299.572445,299.5880394,300.0883312,300.0716534,299.5880394,299.5880394,299.5880394,299.5880394,299.5880394,x,1,2025-11-21_11h48.00.134,solo_project,,2025.1.1,60.01709286,2025-11-21 11h48.06.859848 +0530
invalid_diff,-0.168,0.175,0.168,0.149,108,0,3,,,,up,0.4113392,None,,,,,3,0,108,28,300.0883312,,,,,,,,,,,,,,,,,,,,,,,,,,,,,,,,,300.0723304,300.1050643,301.0883979,301.0883979,301.0883979,301.1883461,301.3884623,301.3884623,301.8057302,up,0.4113392,None,301.8058398,301.8215637,302.3215101,302.3052475,,,,,,x,1,2025-11-21_11h48.00.134,solo_project,,2025.1.1,60.01709286,2025-11-21 11h48.06.859848 +0530
invalid_same,0.168,-0.175,0.168,0.149,109,1,3,,,,up,0.303361,None,,,,,3,1,109,27,302.3215101,,,,,,,,,,,,,,,,,,,,,,,,,,,,,,,,,302.3059364,302.3215101,303.3050272,303.3050272,303.3050272,303.40495,303.6213128,303.6213128,303.9385349,up,0.303361,None,303.9386072,303.95454,304.4549801,304.4385521,,,,,,x,1,2025-11-21_11h48.00.134,solo_project,,2025.1.1,60.01709286,2025-11-21 11h48.06.859848 +0530
valid,-0.168,-0.175,-0.168,-0.149,110,2,3,,,,up,0.2811599,None,,,,,3,2,110,1,304.4549801,,,,,,,,,,,,,,,,,,,,,,,,,,,,,,,,,304.4391493,304.4549801,305.4383222,305.4383222,305.4383222,305.5383377,305.7383727,305.7383727,306.0226383,up,0.2811599,None,306.0227714,306.0380378,306.5380638,306.5218434,,,,,,x,1,2025-11-21_11h48.00.134,solo_project,,2025.1.1,60.01709286,2025-11-21 11h48.06.859848 +0530
valid,0.168,0.175,0.168,0.149,111,3,3,,,,up,0.2589846,None,,,,,3,3,111,2,306.5380638,,,,,,,,,,,,,,,,,,,,,,,,,,,,,,,,,306.5225434,306.5380638,307.5382654,307.5382654,307.5382654,307.6383376,307.83827,307.83827,308.1056834,up,0.2589846,None,308.1057939,308.1214784,308.6215195,308.6053008,,,,,,x,1,2025-11-21_11h48.00.134,solo_project,,2025.1.1,60.01709286,2025-11-21 11h48.06.859848 +0530
valid,-0.168,0.175,-0.168,0.149,112,4,3,,,,up,0.2963629,None,,,,,3,4,112,4,308.6215195,,,,,,,,,,,,,,,,,,,,,,,,,,,,,,,,,308.6060062,308.6215195,309.6213114,309.6213114,309.6213114,309.7213467,309.9050428,309.9050428,310.2054669,up,0.2963629,None,310.2055783,310.2215571,310.7214732,310.7053082,,,,,,x,1,2025-11-21_11h48.00.134,solo_project,,2025.1.1,60.01709286,2025-11-21 11h48.06.859848 +0530
valid,-0.168,-0.175,-0.168,-0.149,113,5,3,,,,up,0.3059305,None,,,,,3,5,113,5,310.7214732,,,,,,,,,,,,,,,,,,,,,,,,,,,,,,,,,310.7060706,310.7214732,311.704945,311.704945,311.704945,311.8049703,312.0050232,312.0050232,312.3222184,up,0.3059305,None,312.3223267,312.3382995,312.838281,312.8218231,,,,,,x,1,2025-11-21_11h48.00.134,solo_project,,2025.1.1,60.01709286,2025-11-21 11h48.06.859848 +0530
valid,0.168,-0.175,0.168,-0.149,114,6,3,,,,up,0.2867086,None,,,,,3,6,114,19,312.838281,,,,,,,,,,,,,,,,,,,,,,,,,,,,,,,,,312.8225103,312.838281,313.8215252,313.8215252,313.8215252,313.9214513,314.121596,314.121596,314.4221002,up,0.2867086,None,314.4222091,314.4382295,314.9379179,314.9213905,,,,,,x,1,2025-11-21_11h48.00.134,solo_project,,2025.1.1,60.01709286,2025-11-21 11h48.06.859848 +0530
valid,0.168,-0.175,0.168,-0.149,115,7,3,,,,up,0.2732606,None,,,,,3,7,115,3,314.9379179,,,,,,,,,,,,,,,,,,,,,,,,,,,,,,,,,314.9218803,314.9379179,315.9213798,315.9213798,315.9213798,316.0215534,316.2215827,316.2215827,316.5056617,up,0.2732606,None,316.5057695,316.5214705,317.0214831,317.0052036,,,,,,x,1,2025-11-21_11h48.00.134,solo_project,,2025.1.1,60.01709286,2025-11-21 11h48.06.859848 +0530
catch,0.168,-0.175,None,None,116,8,3,,,,None,,,,,,,3,8,116,35,317.0214831,,,,,,,,,,,,,,,,,,,,,,,,,,,,,,,,,317.0060787,317.0214831,318.0049611,318.0049611,318.0049611,318.1050581,318.3049976,318.3049976,320.2885541,None,,,320.2886037,320.3045192,320.8045701,320.7883052,320.3045192,320.3045192,320.3045192,320.3045192,320.3045192,x,1,2025-11-21_11h48.00.134,solo_project,,2025.1.1,60.01709286,2025-11-21 11h48.06.859848 +0530
invalid_diff,-0.168,-0.175,0.168,-0.149,117,9,3,,,,up,0.3393343,None,,,,,3,9,117,29,320.8045701,,,,,,,,,,,,,,,,,,,,,,,,,,,,,,,,,320.7889364,320.8211629,321.8048939,321.8048939,321.8048939,321.9047518,322.1049816,322.1049816,322.4555695,up,0.3393343,None,322.4556795,322.4715287,322.9714962,322.9551887,,,,,,x,1,2025-11-21_11h48.00.134,solo_project,,2025.1.1,60.01709286,2025-11-21 11h48.06.859848 +0530
valid,-0.168,0.175,-0.168,0.149,118,10,3,,,,up,0.340389,None,,,,,3,10,118,8,322.9714962,,,,,,,,,,,,,,,,,,,,,,,,,,,,,,,,,322.9558772,322.9714962,323.9550532,323.9550532,323.9550532,324.0549186,324.2549972,324.2549972,324.6056323,up,0.340389,None,324.6057436,324.6214657,325.1215405,325.1051814,,,,,,x,1,2025-11-21_11h48.00.134,solo_project,,2025.1.1,60.01709286,2025-11-21 11h48.06.859848 +0530
valid,0.168,0.175,0.168,0.149,119,11,3,,,,up,0.3352096,None,,,,,3,11,119,18,325.1215405,,,,,,,,,,,,,,,,,,,,,,,,,,,,,,,,,325.10587,325.1215405,326.1049826,326.1049826,326.1049826,326.2047399,326.4213217,326.4213217,326.7721099,up,0.3352096,None,326.7722212,326.7880054,327.2880492,327.2713628,,,,,,x,1,2025-11-21_11h48.00.134,solo_project,,2025.1.1,60.01709286,2025-11-21 11h48.06.859848 +0530
valid,-0.168,0.175,-0.168,0.149,120,12,3,,,,up,0.3535919,None,,,,,3,12,120,16,327.2880492,,,,,,,,,,,,,,,,,,,,,,,,,,,,,,,,,327.2717842,327.2880492,328.2715109,328.2715109,328.2715109,328.3714697,328.5714173,328.5714173,328.9388441,up,0.3535919,None,328.9389459,328.954916,329.4548664,329.4385841,,,,,,x,1,2025-11-21_11h48.00.134,solo_project,,2025.1.1,60.01709286,2025-11-21 11h48.06.859848 +0530
valid,0.168,0.175,0.168,0.149,121,13,3,,,,up,0.3064704,None,,,,,3,13,121,22,329.4548664,,,,,,,,,,,,,,,,,,,,,,,,,,,,,,,,,329.4392818,329.4548664,330.4382275,330.4382275,330.4382275,330.5381122,330.7382984,330.7382984,331.0556693,up,0.3064704,None,331.0557859,331.0711657,331.5711319,331.5546328,,,,,,x,1,2025-11-21_11h48.00.134,solo_project,,2025.1.1,60.01709286,2025-11-21 11h48.06.859848 +0530
valid,-0.168,-0.175,-0.168,-0.149,122,14,3,,,,up,0.3310805,None,,,,,3,14,122,17,331.5711319,,,,,,,,,,,,,,,,,,,,,,,,,,,,,,,,,331.5550282,331.5711319,332.5550082,332.5550082,332.5550082,332.6548896,332.8549864,332.8549864,333.1888851,up,0.3310805,None,333.1889947,333.2048281,333.704864,333.6884693,,,,,,x,1,2025-11-21_11h48.00.134,solo_project,,2025.1.1,60.01709286,2025-11-21 11h48.06.859848 +0530
valid,-0.168,0.175,-0.168,0.149,123,15,3,,,,up,0.3101163,None,,,,,3,15,123,12,333.704864,,,,,,,,,,,,,,,,,,,,,,,,,,,,,,,,,333.6891218,333.704864,334.6882719,334.6882719,334.6882719,334.788244,334.9882481,334.9882481,335.3055482,up,0.3101163,None,335.3056578,335.321186,335.82133,335.8050771,,,,,,x,1,2025-11-21_11h48.00.134,solo_project,,2025.1.1,60.01709286,2025-11-21 11h48.06.859848 +0530
valid,0.168,-0.175,0.168,-0.149,124,16,3,,,,up,0.3216452,None,,,,,3,16,124,23,335.82133,,,,,,,,,,,,,,,,,,,,,,,,,,,,,,,,,335.805839,335.82133,336.8043686,336.8043686,336.8043686,336.9045843,337.1211981,337.1211981,337.4552099,up,0.3216452,None,337.4552947,337.4710475,337.9715077,337.9552537,,,,,,x,1,2025-11-21_11h48.00.134,solo_project,,2025.1.1,60.01709286,2025-11-21 11h48.06.859848 +0530
valid,0.168,-0.175,0.168,-0.149,125,17,3,,,,up,0.3145742,None,,,,,3,17,125,11,337.9715077,,,,,,,,,,,,,,,,,,,,,,,,,,,,,,,,,337.9559439,337.9715077,338.9548947,338.9548947,338.9548947,339.0548886,339.2548964,339.2548964,339.5721527,up,0.3145742,None,339.5722663,339.5880671,340.0881443,340.0718195,,,,,,x,1,2025-11-21_11h48.00.134,solo_project,,2025.1.1,60.01709286,2025-11-21 11h48.06.859848 +0530
valid,-0.168,-0.175,-0.168,-0.149,126,18,3,,,,up,0.3135952,None,,,,,3,18,126,13,340.0881443,,,,,,,,,,,,,,,,,,,,,,,,,,,,,,,,,340.072515,340.0881443,341.0714654,341.0714654,341.0714654,341.1715469,341.3715034,341.3715034,341.6887647,up,0.3135952,None,341.6888767,341.7048626,342.2048401,342.1883993,,,,,,x,1,2025-11-21_11h48.00.134,solo_project,,2025.1.1,60.01709286,2025-11-21 11h48.06.859848 +0530
valid,-0.168,-0.175,-0.168,-0.149,127,19,3,,,,up,0.2762935,None,,,,,3,19,127,9,342.2048401,,,,,,,,,,,,,,,,,,,,,,,,,,,,,,,,,342.189113,342.2048401,343.2045897,343.2045897,343.2045897,343.3044893,343.4883094,343.4883094,343.772151,up,0.2762935,None,343.7722521,343.7880927,344.2881269,344.2717966,,,,,,x,1,2025-11-21_11h48.00.134,solo_project,,2025.1.1,60.01709286,2025-11-21 11h48.06.859848 +0530
catch,0.168,0.175,None,None,128,20,3,,,,None,,,,,,,3,20,128,34,344.2881269,,,,,,,,,,,,,,,,,,,,,,,,,,,,,,,,,344.2726707,344.2881269,345.2712959,345.2712959,345.2712959,345.3713801,345.5714217,345.5714217,347.5551904,None,,,347.5555639,347.5712404,348.0712883,348.0550699,347.5712404,347.5712404,347.5712404,347.5712404,347.5712404,x,1,2025-11-21_11h48.00.134,solo_project,,2025.1.1,60.01709286,2025-11-21 11h48.06.859848 +0530
valid,-0.168,0.175,-0.168,0.149,129,21,3,,,,up,0.2865789,None,,,,,3,21,129,20,348.0712883,,,,,,,,,,,,,,,,,,,,,,,,,,,,,,,,,348.0557445,348.0712883,349.071539,349.071539,349.071539,349.1713129,349.3713807,349.3713807,349.6722032,up,0.2865789,None,349.6723132,349.6881709,350.1881367,350.1718447,,,,,,x,1,2025-11-21_11h48.00.134,solo_project,,2025.1.1,60.01709286,2025-11-21 11h48.06.859848 +0530
valid,0.168,0.175,0.168,0.149,130,22,3,,,,up,0.3233726,None,,,,,3,22,130,14,350.1881367,,,,,,,,,,,,,,,,,,,,,,,,,,,,,,,,,350.1725416,350.1881367,351.171584,351.171584,351.171584,351.2713644,351.4714264,351.4714264,351.8054581,up,0.3233726,None,351.8055698,351.8213104,352.3213611,352.3050598,,,,,,x,1,2025-11-21_11h48.00.134,solo_project,,2025.1.1,60.01709286,2025-11-21 11h48.06.859848 +0530
invalid_diff,0.168,0.175,-0.168,0.149,131,23,3,,,,up,0.373327,None,,,,,3,23,131,30,352.3213611,,,,,,,,,,,,,,,,,,,,,,,,,,,,,,,,,352.3058129,352.3213611,353.3047436,353.3047436,353.3047436,353.4048062,353.6049758,353.6049758,353.9886875,up,0.373327,None,353.9887284,354.0043291,354.5045218,354.4881824,,,,,,x,1,2025-11-21_11h48.00.134,solo_project,,2025.1.1,60.01709286,2025-11-21 11h48.06.859848 +0530
invalid_diff,0.168,-0.175,-0.168,-0.149,132,24,3,,,,up,0.3752744,None,,,,,3,24,132,31,354.5045218,,,,,,,,,,,,,,,,,,,,,,,,,,,,,,,,,354.4887894,354.5045218,355.4881469,355.4881469,355.4881469,355.5881555,355.788222,355.788222,356.1721312,up,0.3752744,None,356.1722341,356.1880787,356.6880866,356.6717565,,,,,,x,1,2025-11-21_11h48.00.134,solo_project,,2025.1.1,60.01709286,2025-11-21 11h48.06.859848 +0530
valid,0.168,-0.175,0.168,-0.149,133,25,3,,,,up,0.3014678,None,,,,,3,25,133,15,356.6880866,,,,,,,,,,,,,,,,,,,,,,,,,,,,,,,,,356.6724517,356.6880866,357.6714887,357.6714887,357.6714887,357.7714905,357.9713976,357.9713976,358.2888326,up,0.3014678,None,358.2889446,358.3046809,358.8047583,358.7883112,,,,,,x,1,2025-11-21_11h48.00.134,solo_project,,2025.1.1,60.01709286,2025-11-21 11h48.06.859848 +0530
invalid_same,0.168,0.175,0.168,-0.149,134,26,3,,,,up,0.3502708,None,,,,,3,26,134,26,358.8047583,,,,,,,,,,,,,,,,,,,,,,,,,,,,,,,,,358.789042,358.8047583,359.8045522,359.8045522,359.8045522,359.9047011,360.1044317,360.1044317,360.4553527,up,0.3502708,None,360.4554624,360.4712068,360.9714222,360.9550588,,,,,,x,1,2025-11-21_11h48.00.134,solo_project,,2025.1.1,60.01709286,2025-11-21 11h48.06.859848 +0530
catch,-0.168,0.175,None,None,135,27,3,,,,None,,,,,,,3,27,135,32,360.9714222,,,,,,,,,,,,,,,,,,,,,,,,,,,,,,,,,360.9559339,360.9714222,361.9549164,361.9549164,361.9549164,362.0547962,362.2548362,362.2548362,364.238648,None,,,364.2387318,364.2546693,364.7548604,364.738362,364.2546693,364.2546693,364.2546693,364.2546693,364.2546693,x,1,2025-11-21_11h48.00.134,solo_project,,2025.1.1,60.01709286,2025-11-21 11h48.06.859848 +0530
valid,-0.168,-0.175,-0.168,-0.149,136,28,3,,,,up,0.3075184,None,,,,,3,28,136,21,364.7548604,,,,,,,,,,,,,,,,,,,,,,,,,,,,,,,,,364.7394246,364.7548604,365.7545805,365.7545805,365.7545805,365.8547726,366.05493,366.05493,366.3719079,up,0.3075184,None,366.3720114,366.3880267,366.8880338,366.8717052,,,,,,x,1,2025-11-21_11h48.00.134,solo_project,,2025.1.1,60.01709286,2025-11-21 11h48.06.859848 +0530
valid,0.168,-0.175,0.168,-0.149,137,29,3,,,,up,0.3001916,None,,,,,3,29,137,7,366.8880338,,,,,,,,,,,,,,,,,,,,,,,,,,,,,,,,,366.8723906,366.8880338,367.8712536,367.8712536,367.8712536,367.9714917,368.171512,368.171512,368.488832,up,0.3001916,None,368.4889494,368.5048031,369.0048371,368.9885177,,,,,,x,1,2025-11-21_11h48.00.134,solo_project,,2025.1.1,60.01709286,2025-11-21 11h48.06.859848 +0530
valid,-0.168,0.175,-0.168,0.149,138,30,3,,,,up,0.29285,None,,,,,3,30,138,0,369.0048371,,,,,,,,,,,,,,,,,,,,,,,,,,,,,,,,,368.9892068,369.0048371,369.988143,369.988143,369.988143,370.0882117,370.2881523,370.2881523,370.5887522,up,0.29285,None,370.588862,370.6047629,371.1046706,371.0883645,,,,,,x,1,2025-11-21_11h48.00.134,solo_project,,2025.1.1,60.01709286,2025-11-21 11h48.06.859848 +0530
valid,0.168,0.175,0.168,0.149,139,31,3,,,,up,0.3112083,None,,,,,3,31,139,10,371.1046706,,,,,,,,,,,,,,,,,,,,,,,,,,,,,,,,,371.0890482,371.1046706,372.0880991,372.0880991,372.0880991,372.1881006,372.3880904,372.3880904,372.7053458,up,0.3112083,None,372.7054533,372.7211978,373.2213952,373.2051182,,,,,,x,1,2025-11-21_11h48.00.134,solo_project,,2025.1.1,60.01709286,2025-11-21 11h48.06.859848 +0530
invalid_same,-0.168,0.175,-0.168,-0.149,140,32,3,,,,up,0.2954776,None,,,,,3,32,140,24,373.2213952,,,,,,,,,,,,,,,,,,,,,,,,,,,,,,,,,373.2057977,373.2213952,374.2048612,374.2048612,374.2048612,374.3048846,374.5046487,374.5046487,374.8054888,up,0.2954776,None,374.8055912,374.821218,375.3213802,375.3050799,,,,,,x,1,2025-11-21_11h48.00.134,solo_project,,2025.1.1,60.01709286,2025-11-21 11h48.06.859848 +0530
invalid_same,-0.168,-0.175,-0.168,0.149,141,33,3,,,,up,0.3162596,None,,,,,3,33,141,25,375.3213802,,,,,,,,,,,,,,,,,,,,,,,,,,,,,,,,,375.305817,375.3213802,376.3045996,376.3045996,376.3045996,376.4048586,376.6209493,376.6209493,376.9381658,up,0.3162596,None,376.9382298,376.9544107,,377.4383235,,,,,,x,1,2025-11-21_11h48.00.134,solo_project,,2025.1.1,60.01709286,2025-11-21 11h48.06.859848 +0530
valid,0.168,0.175,0.168,0.149,142,34,3,,,,up,0.3485482,None,,,,,3,34,142,6,377.4547489,,,,,,,,,,,,,,,,,,,,,,,,,,,,,,,,,377.4390798,377.4547489,378.4379973,378.4379973,378.4379973,378.5378301,378.7381213,378.7381213,379.0887234,up,0.3485482,None,379.0888345,379.1044855,379.604589,379.588222,,,,,,x,1,2025-11-21_11h48.00.134,solo_project,,2025.1.1,60.01709286,2025-11-21 11h48.06.859848 +0530
catch,-0.168,-0.175,None,None,143,35,3,,,,None,,,,,,,3,35,143,33,379.604589,,,,,,,,,,,,,,,,,,,,,,,,,,,,,,,,,379.5891049,379.604589,380.5881734,380.5881734,380.5881734,380.6881975,380.8882423,380.8882423,382.8717732,None,,,382.8718581,382.8878633,383.3879081,383.371364,382.8878633,382.8878633,382.8878633,382.8878633,382.8878633,x,1,2025-11-21_11h48.00.134,solo_project,,2025.1.1,60.01709286,2025-11-21 11h48.06.859848 +0530
valid,-0.168,0.175,-0.168,0.149,144,0,4,,,,up,0.3411288,None,,,,,4,0,144,4,383.3879081,,,,,,,,,,,,,,,,,,,,,,,,,,,,,,,,,383.3719688,383.4046491,384.3880783,384.3880783,384.3880783,384.4881749,384.6881069,384.6881069,385.0386562,up,0.3411288,None,385.0387587,385.0544467,385.5547677,385.5381901,,,,,,x,1,2025-11-21_11h48.00.134,solo_project,,2025.1.1,60.01709286,2025-11-21 11h48.06.859848 +0530
catch,-0.168,0.175,None,None,145,1,4,,,,None,,,,,,,4,1,145,32,385.5547677,,,,,,,,,,,,,,,,,,,,,,,,,,,,,,,,,385.5390734,385.5547677,386.5379691,386.5379691,386.5379691,386.6381793,386.8382372,386.8382372,388.8217251,None,,,388.8218079,388.8379537,389.3378246,389.3214794,388.8379537,388.8379537,388.8379537,388.8379537,388.8379537,x,1,2025-11-21_11h48.00.134,solo_project,,2025.1.1,60.01709286,2025-11-21 11h48.06.859848 +0530
valid,0.168,-0.175,0.168,-0.149,146,2,4,,,,up,0.2946821,None,,,,,4,2,146,3,389.3378246,,,,,,,,,,,,,,,,,,,,,,,,,,,,,,,,,389.3221647,389.3378246,390.338068,390.338068,390.338068,390.4380506,390.6380013,390.6380013,390.9387169,up,0.2946821,None,390.9388324,390.9546844,391.4547635,391.438361,,,,,,x,1,2025-11-21_11h48.00.134,solo_project,,2025.1.1,60.01709286,2025-11-21 11h48.06.859848 +0530
valid,-0.168,0.175,-0.168,0.149,147,3,4,,,,up,0.3162946,None,,,,,4,3,147,20,391.4547635,,,,,,,,,,,,,,,,,,,,,,,,,,,,,,,,,391.4390607,391.4547635,392.4547105,392.4547105,392.4547105,392.5548451,392.738205,392.738205,393.0552171,up,0.3162946,None,393.0553293,393.0711084,393.5712249,393.5548627,,,,,,x,1,2025-11-21_11h48.00.134,solo_project,,2025.1.1,60.01709286,2025-11-21 11h48.06.859848 +0530
valid,0.168,-0.175,0.168,-0.149,148,4,4,,,,up,0.3210675,None,,,,,4,4,148,23,393.5712249,,,,,,,,,,,,,,,,,,,,,,,,,,,,,,,,,393.55556,393.5712249,394.5546255,394.5546255,394.5546255,394.6547787,394.8547741,394.8547741,395.1887939,up,0.3210675,None,395.1889145,395.2045755,395.7044999,395.6883963,,,,,,x,1,2025-11-21_11h48.00.134,solo_project,,2025.1.1,60.01709286,2025-11-21 11h48.06.859848 +0530
catch,-0.168,-0.175,None,None,149,5,4,,,,None,,,,,,,4,5,149,33,395.7044999,,,,,,,,,,,,,,,,,,,,,,,,,,,,,,,,,395.6892933,395.7044999,396.7046924,396.7046924,396.7046924,396.8048558,396.9880962,396.9880962,398.9879773,None,,,398.9880297,399.0041982,399.5044644,399.488036,399.0041982,399.0041982,399.0041982,398.9876435,398.9876435,x,1,2025-11-21_11h48.00.134,solo_project,,2025.1.1,60.01709286,2025-11-21 11h48.06.859848 +0530
valid,0.168,-0.175,0.168,-0.149,150,6,4,,,,up,0.2647553,None,,,,,4,6,150,11,399.5044644,,,,,,,,,,,,,,,,,,,,,,,,,,,,,,,,,399.4886594,399.5044644,400.4881407,400.4881407,400.4881407,400.5878211,400.7882068,400.7882068,401.0552727,up,0.2647553,None,401.055388,401.0711098,401.571124,401.5547378,,,,,,x,1,2025-11-21_11h48.00.134,solo_project,,2025.1.1,60.01709286,2025-11-21 11h48.06.859848 +0530
invalid_diff,0.168,-0.175,-0.168,-0.149,151,7,4,,,,up,0.3007369,None,,,,,4,7,151,31,401.571124,,,,,,,,,,,,,,,,,,,,,,,,,,,,,,,,,401.5554462,401.571124,402.5547857,402.5547857,402.5547857,402.654748,402.8547898,402.8547898,403.172008,up,0.3007369,None,403.1721198,403.1878013,403.6878128,403.6713971,,,,,,x,1,2025-11-21_11h48.00.134,solo_project,,2025.1.1,60.01709286,2025-11-21 11h48.06.859848 +0530
valid,0.168,0.175,0.168,0.149,152,8,4,,,,up,0.2837413,None,,,,,4,8,152,6,403.6878128,,,,,,,,,,,,,,,,,,,,,,,,,,,,,,,,,403.672166,403.6878128,404.6875892,404.6875892,404.6875892,404.7880699,404.9711196,404.9711196,405.2719712,up,0.2837413,None,405.2720818,405.2880194,405.7880012,405.7716012,,,,,,x,1,2025-11-21_11h48.00.134,solo_project,,2025.1.1,60.01709286,2025-11-21 11h48.06.859848 +0530
invalid_diff,0.168,0.175,-0.168,0.149,153,9,4,,,,up,0.3665824,None,,,,,4,9,153,30,405.7880012,,,,,,,,,,,,,,,,,,,,,,,,,,,,,,,,,405.7723406,405.7880012,406.7711577,406.7711577,406.7711577,406.8713517,407.0713086,407.0713086,407.4385797,up,0.3665824,None,407.4386948,407.4546245,407.9546981,407.9382439,,,,,,x,1,2025-11-21_11h48.00.134,solo_project,,2025.1.1,60.01709286,2025-11-21 11h48.06.859848 +0530
invalid_diff,-0.168,-0.175,0.168,-0.149,154,10,4,,,,up,0.30288,None,,,,,4,10,154,29,407.9546981,,,,,,,,,,,,,,,,,,,,,,,,,,,,,,,,,407.9389378,407.9546981,408.9378611,408.9378611,408.9378611,409.0379372,409.2379713,409.2379713,409.5550595,up,0.30288,None,409.5551693,409.5710071,410.071099,410.0546778,,,,,,x,1,2025-11-21_11h48.00.134,solo_project,,2025.1.1,60.01709286,2025-11-21 11h48.06.859848 +0530
valid,-0.168,-0.175,-0.168,-0.149,155,11,4,,,,up,0.2768223,None,,,,,4,11,155,21,410.071099,,,,,,,,,,,,,,,,,,,,,,,,,,,,,,,,,410.0554344,410.071099,411.0544495,411.0544495,411.0544495,411.1547369,411.354419,411.354419,411.6386829,up,0.2768223,None,411.638794,411.6544956,412.1544961,412.1382723,,,,,,x,1,2025-11-21_11h48.00.134,solo_project,,2025.1.1,60.01709286,2025-11-21 11h48.06.859848 +0530
invalid_same,0.168,-0.175,0.168,0.149,156,12,4,,,,up,0.3022519,None,,,,,4,12,156,27,412.1544961,,,,,,,,,,,,,,,,,,,,,,,,,,,,,,,,,412.1390089,412.1544961,413.1379785,413.1379785,413.1379785,413.2377907,413.4380493,413.4380493,413.7552384,up,0.3022519,None,413.755349,413.7710147,414.2711373,414.2549625,,,,,,x,1,2025-11-21_11h48.00.134,solo_project,,2025.1.1,60.01709286,2025-11-21 11h48.06.859848 +0530
catch,0.168,0.175,None,None,157,13,4,,,,None,,,,,,,4,13,157,34,414.2711373,,,,,,,,,,,,,,,,,,,,,,,,,,,,,,,,,414.2558831,414.2711373,415.2547114,415.2547114,415.2547114,415.3542996,415.5547707,415.5547707,417.5383498,None,,,417.5384336,417.5544992,418.0546461,418.0382581,417.5544992,417.5544992,417.5544992,417.5544992,417.5544992,x,1,2025-11-21_11h48.00.134,solo_project,,2025.1.1,60.01709286,2025-11-21 11h48.06.859848 +0530
valid,0.168,-0.175,0.168,-0.149,158,14,4,,,,up,0.2764754,None,,,,,4,14,158,15,418.0546461,,,,,,,,,,,,,,,,,,,,,,,,,,,,,,,,,418.038938,418.0546461,419.0546788,419.0546788,419.0546788,419.1547089,419.3542798,419.3542798,419.6387708,up,0.2764754,None,419.6388799,419.6546135,420.1544897,420.1381666,,,,,,x,1,2025-11-21_11h48.00.134,solo_project,,2025.1.1,60.01709286,2025-11-21 11h48.06.859848 +0530
valid,-0.168,-0.175,-0.168,-0.149,159,15,4,,,,up,0.3308814,None,,,,,4,15,159,9,420.1544897,,,,,,,,,,,,,,,,,,,,,,,,,,,,,,,,,420.1388647,420.1544897,421.1546617,421.1546617,421.1546617,421.2544594,421.4543646,421.4543646,421.7881759,up,0.3308814,None,421.788261,421.8042778,422.3046445,422.2880368,,,,,,x,1,2025-11-21_11h48.00.134,solo_project,,2025.1.1,60.01709286,2025-11-21 11h48.06.859848 +0530
invalid_same,0.168,0.175,0.168,-0.149,160,16,4,,,,up,0.3078509,None,,,,,4,16,160,26,422.3046445,,,,,,,,,,,,,,,,,,,,,,,,,,,,,,,,,422.2887476,422.3046445,423.2880441,423.2880441,423.2880441,423.3877065,423.5880478,423.5880478,423.9046931,up,0.3078509,None,423.9047482,423.9207771,424.4211773,424.4049016,,,,,,x,1,2025-11-21_11h48.00.134,solo_project,,2025.1.1,60.01709286,2025-11-21 11h48.06.859848 +0530
valid,-0.168,-0.175,-0.168,-0.149,161,17,4,,,,up,0.3009702,None,,,,,4,17,161,13,424.4211773,,,,,,,,,,,,,,,,,,,,,,,,,,,,,,,,,424.4056189,424.4211773,425.4046814,425.4046814,425.4046814,425.5044108,425.7045805,425.7045805,426.0217354,up,0.3009702,None,426.0218373,426.0378572,426.5378958,426.5213326,,,,,,x,1,2025-11-21_11h48.00.134,solo_project,,2025.1.1,60.01709286,2025-11-21 11h48.06.859848 +0530
valid,0.168,0.175,0.168,0.149,162,18,4,,,,up,0.1714299,None,,,,,4,18,162,22,426.5378958,,,,,,,,,,,,,,,,,,,,,,,,,,,,,,,,,426.521998,426.5378958,427.521013,427.521013,427.521013,427.6212356,427.8212252,427.8212252,428.0053046,up,0.1714299,None,428.0054147,428.0211533,428.520922,428.5049044,,,,,,x,1,2025-11-21_11h48.00.134,solo_project,,2025.1.1,60.01709286,2025-11-21 11h48.06.859848 +0530
valid,-0.168,-0.175,-0.168,-0.149,163,19,4,,,,up,0.3431431,None,,,,,4,19,163,17,428.520922,,,,,,,,,,,,,,,,,,,,,,,,,,,,,,,,,428.5056404,428.520922,429.5046633,429.5046633,429.5046633,429.6046656,429.8047568,429.8047568,430.1551026,up,0.3431431,None,430.1552141,430.1707934,430.671006,430.6546015,,,,,,x,1,2025-11-21_11h48.00.134,solo_project,,2025.1.1,60.01709286,2025-11-21 11h48.06.859848 +0530
valid,0.168,-0.175,0.168,-0.149,164,20,4,,,,up,0.3103749,None,,,,,4,20,164,19,430.671006,,,,,,,,,,,,,,,,,,,,,,,,,,,,,,,,,430.6553003,430.671006,431.6546231,431.6546231,431.6546231,431.7546082,431.954695,431.954695,432.271853,up,0.3103749,None,432.2719647,432.2878447,432.7879373,432.7713567,,,,,,x,1,2025-11-21_11h48.00.134,solo_project,,2025.1.1,60.01709286,2025-11-21 11h48.06.859848 +0530
valid,-0.168,0.175,-0.168,0.149,165,21,4,,,,up,0.323819,None,,,,,4,21,165,16,432.7879373,,,,,,,,,,,,,,,,,,,,,,,,,,,,,,,,,432.7720957,432.7879373,433.7711692,433.7711692,433.7711692,433.871181,434.0712261,434.0712261,434.4052968,up,0.323819,None,434.4054077,434.4211051,434.9211925,434.9048563,,,,,,x,1,2025-11-21_11h48.00.134,solo_project,,2025.1.1,60.01709286,2025-11-21 11h48.06.859848 +0530
invalid_same,-0.168,0.175,-0.168,-0.149,166,22,4,,,,up,0.3598503,None,,,,,4,22,166,24,434.9211925,,,,,,,,,,,,,,,,,,,,,,,,,,,,,,,,,434.905576,434.9211925,435.9046075,435.9046075,435.9046075,436.0047016,436.2047048,436.2047048,436.5718969,up,0.3598503,None,436.572006,436.5875834,437.087863,437.0713499,,,,,,x,1,2025-11-21_11h48.00.134,solo_project,,2025.1.1,60.01709286,2025-11-21 11h48.06.859848 +0530
valid,-0.168,0.175,-0.168,0.149,167,23,4,,,,up,0.354664,None,,,,,4,23,167,12,437.087863,,,,,,,,,,,,,,,,,,,,,,,,,,,,,,,,,437.0720421,437.087863,438.0709135,438.0709135,438.0709135,438.1709043,438.3711773,438.3711773,438.7382809,up,0.354664,None,438.7383834,438.7543499,439.2544783,439.2380692,,,,,,x,1,2025-11-21_11h48.00.134,solo_project,,2025.1.1,60.01709286,2025-11-21 11h48.06.859848 +0530
valid,-0.168,0.175,-0.168,0.149,168,24,4,,,,up,0.3510984,None,,,,,4,24,168,0,439.2544783,,,,,,,,,,,,,,,,,,,,,,,,,,,,,,,,,439.2387533,439.2544783,440.2378413,440.2378413,440.2378413,440.3378216,440.5379544,440.5379544,440.9052407,up,0.3510984,None,440.9053546,440.9210361,441.4210384,441.4047212,,,,,,x,1,2025-11-21_11h48.00.134,solo_project,,2025.1.1,60.01709286,2025-11-21 11h48.06.859848 +0530
valid,-0.168,-0.175,-0.168,-0.149,169,25,4,,,,up,0.3461597,None,,,,,4,25,169,1,441.4210384,,,,,,,,,,,,,,,,,,,,,,,,,,,,,,,,,441.4054649,441.4210384,442.4044044,442.4044044,442.4044044,442.5046534,442.7045387,442.7045387,443.055049,up,0.3461597,None,443.0552155,443.0708795,443.5709267,443.5546649,,,,,,x,1,2025-11-21_11h48.00.134,solo_project,,2025.1.1,60.01709286,2025-11-21 11h48.06.859848 +0530
valid,-0.168,-0.175,-0.168,-0.149,170,26,4,,,,up,0.4284712,None,,,,,4,26,170,5,443.5709267,,,,,,,,,,,,,,,,,,,,,,,,,,,,,,,,,443.5553784,443.5709267,444.5546275,444.5546275,444.5546275,444.6544149,444.854651,444.854651,445.2883793,up,0.4284712,None,445.2884885,445.3043854,445.8044755,445.787959,,,,,,x,1,2025-11-21_11h48.00.134,solo_project,,2025.1.1,60.01709286,2025-11-21 11h48.06.859848 +0530
valid,0.168,0.175,0.168,0.149,171,27,4,,,,up,0.3250381,None,,,,,4,27,171,2,445.8044755,,,,,,,,,,,,,,,,,,,,,,,,,,,,,,,,,445.7886483,445.8044755,446.7879075,446.7879075,446.7879075,446.8877848,447.087946,447.087946,447.4216987,up,0.3250381,None,447.4218085,447.437535,447.9372802,447.9209967,,,,,,x,1,2025-11-21_11h48.00.134,solo_project,,2025.1.1,60.01709286,2025-11-21 11h48.06.859848 +0530
invalid_same,-0.168,-0.175,-0.168,0.149,172,28,4,,,,up,0.3303785,None,,,,,4,28,172,25,447.9372802,,,,,,,,,,,,,,,,,,,,,,,,,,,,,,,,,447.9213507,447.9372802,448.9210664,448.9210664,448.9210664,449.0211126,449.2211537,449.2211537,449.5547462,up,0.3303785,None,449.5548465,449.5707456,450.0709519,450.0547133,,,,,,x,1,2025-11-21_11h48.00.134,solo_project,,2025.1.1,60.01709286,2025-11-21 11h48.06.859848 +0530
invalid_diff,-0.168,0.175,0.168,0.149,173,29,4,,,,up,0.3672044,None,,,,,4,29,173,28,450.0709519,,,,,,,,,,,,,,,,,,,,,,,,,,,,,,,,,450.0553986,450.0709519,451.0545363,451.0545363,451.0545363,451.1545137,451.3545052,451.3545052,451.7384954,up,0.3672044,None,451.7386053,451.7543076,452.2544535,452.2377526,,,,,,x,1,2025-11-21_11h48.00.134,solo_project,,2025.1.1,60.01709286,2025-11-21 11h48.06.859848 +0530
valid,0.168,0.175,0.168,0.149,174,30,4,,,,up,0.3222492,None,,,,,4,30,174,18,452.2544535,,,,,,,,,,,,,,,,,,,,,,,,,,,,,,,,,452.2381673,452.2544535,453.2378617,453.2378617,453.2378617,453.3378955,453.5379223,453.5379223,453.8714964,up,0.3222492,None,453.8716072,453.8876776,454.3876269,454.3713642,,,,,,x,1,2025-11-21_11h48.00.134,solo_project,,2025.1.1,60.01709286,2025-11-21 11h48.06.859848 +0530
valid,0.168,0.175,0.168,0.149,175,31,4,,,,up,0.3614352,None,,,,,4,31,175,14,454.3876269,,,,,,,,,,,,,,,,,,,,,,,,,,,,,,,,,454.3720659,454.3876269,455.3708095,455.3708095,455.3708095,455.4707936,455.6708141,455.6708141,456.0379205,up,0.3614352,None,456.0379784,456.0540552,456.55432,456.5380733,,,,,,x,1,2025-11-21_11h48.00.134,solo_project,,2025.1.1,60.01709286,2025-11-21 11h48.06.859848 +0530
valid,0.168,-0.175,0.168,-0.149,176,32,4,,,,up,0.3451232,None,,,,,4,32,176,7,456.55432,,,,,,,,,,,,,,,,,,,,,,,,,,,,,,,,,456.5387782,456.55432,457.5378843,457.5378843,457.5378843,457.6378329,457.8378742,457.8378742,458.1883457,up,0.3451232,None,458.1884556,458.2043275,458.7043346,458.6881265,,,,,,x,1,2025-11-21_11h48.00.134,solo_project,,2025.1.1,60.01709286,2025-11-21 11h48.06.859848 +0530
catch,0.168,-0.175,None,None,177,33,4,,,,None,,,,,,,4,33,177,35,458.7043346,,,,,,,,,,,,,,,,,,,,,,,,,,,,,,,,,458.6889686,458.7043346,459.6878312,459.6878312,459.6878312,459.7877685,459.9878853,459.9878853,461.9714715,None,,,461.9715558,461.9877443,462.4876193,462.4712768,461.9877443,461.9877443,461.9877443,461.9877443,461.9877443,x,1,2025-11-21_11h48.00.134,solo_project,,2025.1.1,60.01709286,2025-11-21 11h48.06.859848 +0530
valid,-0.168,0.175,-0.168,0.149,178,34,4,,,,up,0.3174583,None,,,,,4,34,178,8,462.4876193,,,,,,,,,,,,,,,,,,,,,,,,,,,,,,,,,462.4719689,462.4876193,463.4877438,463.4877438,463.4877438,463.5877625,463.7878051,463.7878051,464.1216613,up,0.3174583,None,464.1217697,464.1376151,464.6376639,464.6212598,,,,,,x,1,2025-11-21_11h48.00.134,solo_project,,2025.1.1,60.01709286,2025-11-21 11h48.06.859848 +0530
valid,0.168,0.175,0.168,0.149,179,35,4,,,,up,0.1875868,None,,,,,4,35,179,10,464.6376639,,,,,,,,,,,,,,,,,,,,,,,,,,,,,,,,,464.6219615,464.6376639,465.6210066,465.6210066,465.6210066,465.7210298,465.9209888,465.9209888,466.121041,up,0.1875868,None,466.1210826,466.1373261,466.6374118,466.6210239,,,,,,x,1,2025-11-21_11h48.00.134,solo_project,,2025.1.1,60.01709286,2025-11-21 11h48.06.859848 +0530
