thisN,thisTrialN,thisRepN,tilt,key_resp.keys,key_resp.corr,key_resp.rt,key_resp.duration,trials.thisRepN,trials.thisTrialN,trials.thisN,trials.thisIndex,thisRow.t,notes,instructions.started,text.started,key_resp_2.started,instructions.stopped,key_resp_2.keys,key_resp_2.rt,key_resp_2.duration,trial.started,fixation.started,key_resp.started,fixation.stopped,trial.stopped,trials.tilt,trials.key_resp.keys,trials.key_resp.corr,trials.key_resp.rt,trials.key_resp.duration,participant,session,date,expName,expVersion,psychopyVersion,frameRate,expStart,
,,,,,,,,,,,,,,0.014944399998057634,0.032180999995034654,0.032180999995034654,11.411288800001785,space,11.257208600000013,None,,,,,,,,,,,participant_1,001,2025-09-11_11h05.04.117,orientation_discrimination,,2025.1.1,59.83090589302619,2025-09-11 11h05.22.099906 +0530,
0,0,0,-4,down,1,1.3576066000023275,None,0,0,0,0,11.431096399996022,,,,,,,,,11.413479599999846,11.431096399996022,12.44566979999945,12.467550199995458,13.81698840000172,-4,down,1,1.3576066000023275,None,participant_1,001,2025-09-11_11h05.04.117,orientation_discrimination,,2025.1.1,59.83090589302619,2025-09-11 11h05.22.099906 +0530,
1,0,1,1,down,1,1.0027589000019361,None,1,0,1,0,13.833014099996944,,,,,,,,,13.817422299995087,13.833014099996944,14.831480399996508,14.848253799995291,15.850148099998478,1,down,1,1.0027589000019361,None,participant_1,001,2025-09-11_11h05.04.117,orientation_discrimination,,2025.1.1,59.83090589302619,2025-09-11 11h05.22.099906 +0530,
2,0,2,3,down,1,0.6765163999953074,None,2,0,2,0,15.866468699998222,,,,,,,,,15.850580599995737,15.866468699998222,16.84989399999904,16.866188499996497,17.533795800001826,3,down,1,0.6765163999953074,None,participant_1,001,2025-09-11_11h05.04.117,orientation_discrimination,,2025.1.1,59.83090589302619,2025-09-11 11h05.22.099906 +0530,
3,0,3,0,up,1,0.9046679000020958,None,3,0,3,0,17.549669599997287,,,,,,,,,17.53416219999781,17.549669599997287,18.533360900000844,18.5497652999984,19.45018749999872,0,up,1,0.9046679000020958,None,participant_1,001,2025-09-11_11h05.04.117,orientation_discrimination,,2025.1.1,59.83090589302619,2025-09-11 11h05.22.099906 +0530,
4,0,4,4,down,1,0.7069722000014735,None,4,0,4,0,19.46628509999573,,,,,,,,,19.450611000000208,19.46628509999573,20.465128099996946,20.48177880000003,21.18161289999989,4,down,1,0.7069722000014735,None,participant_1,001,2025-09-11_11h05.04.117,orientation_discrimination,,2025.1.1,59.83090589302619,2025-09-11 11h05.22.099906 +0530,
5,0,5,0,up,1,0.9548987000016496,None,5,0,5,0,21.19825100000162,,,,,,,,,21.181820899997547,21.19825100000162,22.18293409999751,22.19962509999459,23.150267600001825,0,up,1,0.9548987000016496,None,participant_1,001,2025-09-11_11h05.04.117,orientation_discrimination,,2025.1.1,59.83090589302619,2025-09-11 11h05.22.099906 +0530,
6,0,6,0,down,0,0.7687354999943636,None,6,0,6,0,23.166213399999833,,,,,,,,,23.15066680000018,23.166213399999833,24.149678199995833,24.16610370000126,24.933184199995594,0,down,0,0.7687354999943636,None,participant_1,001,2025-09-11_11h05.04.117,orientation_discrimination,,2025.1.1,59.83090589302619,2025-09-11 11h05.22.099906 +0530,
7,0,7,0,down,0,0.9325511999995797,None,7,0,7,0,24.949278299995058,,,,,,,,,24.933584400001564,24.949278299995058,25.93326099999831,25.949664899999334,26.882232099997054,0,down,0,0.9325511999995797,None,participant_1,001,2025-09-11_11h05.04.117,orientation_discrimination,,2025.1.1,59.83090589302619,2025-09-11 11h05.22.099906 +0530,
8,0,8,0,up,1,0.6840680000022985,None,8,0,8,0,26.898492799999076,,,,,,,,,26.882529199996497,26.898492799999076,27.883775700000115,27.898618200000783,28.58356179999828,0,up,1,0.6840680000022985,None,participant_1,001,2025-09-11_11h05.04.117,orientation_discrimination,,2025.1.1,59.83090589302619,2025-09-11 11h05.22.099906 +0530,
9,0,9,-4,down,1,0.6725997000030475,None,9,0,9,0,28.599636599996302,,,,,,,,,28.583993499996723,28.599636599996302,29.582962799999223,29.599332899997535,30.266796299998532,-4,down,1,0.6725997000030475,None,participant_1,001,2025-09-11_11h05.04.117,orientation_discrimination,,2025.1.1,59.83090589302619,2025-09-11 11h05.22.099906 +0530,
10,0,10,3,down,1,0.6229700999974739,None,10,0,10,0,30.282835899997735,,,,,,,,,30.267364200000884,30.282835899997735,31.266546099999687,31.28312079999887,31.900176700000884,3,down,1,0.6229700999974739,None,participant_1,001,2025-09-11_11h05.04.117,orientation_discrimination,,2025.1.1,59.83090589302619,2025-09-11 11h05.22.099906 +0530,
11,0,11,0,up,1,0.8554263999976683,None,11,0,11,0,31.91631349999807,,,,,,,,,31.900598200001696,31.91631349999807,32.899277299999085,32.91623609999806,33.76515859999927,0,up,1,0.8554263999976683,None,participant_1,001,2025-09-11_11h05.04.117,orientation_discrimination,,2025.1.1,59.83090589302619,2025-09-11 11h05.22.099906 +0530,
12,0,12,-4,down,1,0.787182500003837,None,12,0,12,0,33.78156460000173,,,,,,,,,33.76536820000183,33.78156460000173,34.766103900001326,34.782994399996824,35.566718299996865,-4,down,1,0.787182500003837,None,participant_1,001,2025-09-11_11h05.04.117,orientation_discrimination,,2025.1.1,59.83090589302619,2025-09-11 11h05.22.099906 +0530,
13,0,13,0,up,1,0.7575857000047108,None,13,0,13,0,35.58462380000128,,,,,,,,,35.567143100000976,35.58462380000128,36.58153699999821,36.59812560000137,37.3500853000005,0,up,1,0.7575857000047108,None,participant_1,001,2025-09-11_11h05.04.117,orientation_discrimination,,2025.1.1,59.83090589302619,2025-09-11 11h05.22.099906 +0530,
14,0,14,-4,down,1,0.7287827000036486,None,14,0,14,0,37.36632169999939,,,,,,,,,37.35052249999717,37.36632169999939,38.34996229999524,38.366459699995175,39.08331409999664,-4,down,1,0.7287827000036486,None,participant_1,001,2025-09-11_11h05.04.117,orientation_discrimination,,2025.1.1,59.83090589302619,2025-09-11 11h05.22.099906 +0530,
15,0,15,-5,down,1,0.5614624000008916,None,15,0,15,0,39.09956239999883,,,,,,,,,39.08380799999577,39.09956239999883,40.09808709999925,40.11467119999725,40.664951899998414,-5,down,1,0.5614624000008916,None,participant_1,001,2025-09-11_11h05.04.117,orientation_discrimination,,2025.1.1,59.83090589302619,2025-09-11 11h05.22.099906 +0530,
16,0,16,0,up,1,0.7056699999957345,None,16,0,16,0,40.68166090000159,,,,,,,,,40.665242499999295,40.68166090000159,41.66655059999903,41.68278859999555,42.3837310999952,0,up,1,0.7056699999957345,None,participant_1,001,2025-09-11_11h05.04.117,orientation_discrimination,,2025.1.1,59.83090589302619,2025-09-11 11h05.22.099906 +0530,
17,0,17,0,up,1,0.5798171999995247,None,17,0,17,0,42.399656499997946,,,,,,,,,42.38412399999652,42.399656499997946,43.39949009999691,43.39949009999691,43.98341519999667,0,up,1,0.5798171999995247,None,participant_1,001,2025-09-11_11h05.04.117,orientation_discrimination,,2025.1.1,59.83090589302619,2025-09-11 11h05.22.099906 +0530,
18,0,18,0,up,1,0.5549653000052786,None,18,0,18,0,43.99951489999512,,,,,,,,,43.98384929999884,43.99951489999512,44.98275640000065,44.99950479999825,45.55014099999971,0,up,1,0.5549653000052786,None,participant_1,001,2025-09-11_11h05.04.117,orientation_discrimination,,2025.1.1,59.83090589302619,2025-09-11 11h05.22.099906 +0530,
19,0,19,-3,down,1,0.6013157999987016,None,19,0,19,0,45.56625599999825,,,,,,,,,45.55054019999807,45.56625599999825,46.56504779999523,46.58182249999663,47.181688500000746,-3,down,1,0.6013157999987016,None,participant_1,001,2025-09-11_11h05.04.117,orientation_discrimination,,2025.1.1,59.83090589302619,2025-09-11 11h05.22.099906 +0530,
20,0,20,0,up,1,0.6872759999969276,None,20,0,20,0,47.19825019999553,,,,,,,,,47.18189020000136,47.19825019999553,48.18307919999643,48.19911009999487,48.883349999996426,0,up,1,0.6872759999969276,None,participant_1,001,2025-09-11_11h05.04.117,orientation_discrimination,,2025.1.1,59.83090589302619,2025-09-11 11h05.22.099906 +0530,
21,0,21,-5,down,1,0.552234499999031,None,21,0,21,0,48.8994767999975,,,,,,,,,48.88379219999479,48.8994767999975,49.883187599996745,49.89961219999532,50.449955999996746,-5,down,1,0.552234499999031,None,participant_1,001,2025-09-11_11h05.04.117,orientation_discrimination,,2025.1.1,59.83090589302619,2025-09-11 11h05.22.099906 +0530,
22,0,22,-2,down,1,0.6699325000008685,None,22,0,22,0,50.46623149999505,,,,,,,,,50.450404700000945,50.46623149999505,51.44945279999956,51.46620869999606,52.1337010999996,-2,down,1,0.6699325000008685,None,participant_1,001,2025-09-11_11h05.04.117,orientation_discrimination,,2025.1.1,59.83090589302619,2025-09-11 11h05.22.099906 +0530,
23,0,23,0,up,1,0.6772501999948872,None,23,0,23,0,52.14946469999995,,,,,,,,,52.13407599999482,52.14946469999995,53.14845570000034,53.16474979999475,53.83249039999646,0,up,1,0.6772501999948872,None,participant_1,001,2025-09-11_11h05.04.117,orientation_discrimination,,2025.1.1,59.83090589302619,2025-09-11 11h05.22.099906 +0530,
24,0,24,2,up,0,0.5907064999992144,None,24,0,24,0,53.84845330000098,,,,,,,,,53.83276439999463,53.84845330000098,54.834796899995126,54.84970500000054,55.43336629999976,2,up,0,0.5907064999992144,None,participant_1,001,2025-09-11_11h05.04.117,orientation_discrimination,,2025.1.1,59.83090589302619,2025-09-11 11h05.22.099906 +0530,
25,0,25,2,up,0,0.6322205000033136,None,25,0,25,0,55.449236100001144,,,,,,,,,55.433773999997356,55.449236100001144,56.43292159999692,56.44936559999769,57.06721629999811,2,up,0,0.6322205000033136,None,participant_1,001,2025-09-11_11h05.04.117,orientation_discrimination,,2025.1.1,59.83090589302619,2025-09-11 11h05.22.099906 +0530,
26,0,26,0,up,1,0.7153152000028058,None,26,0,26,0,57.082854499996756,,,,,,,,,57.067626299998665,57.082854499996756,58.082733199997165,58.082733199997165,58.79964620000101,0,up,1,0.7153152000028058,None,participant_1,001,2025-09-11_11h05.04.117,orientation_discrimination,,2025.1.1,59.83090589302619,2025-09-11 11h05.22.099906 +0530,
27,0,27,-4,down,1,0.5927584000019124,None,27,0,27,0,58.81578630000149,,,,,,,,,58.80008899999666,58.81578630000149,59.81509109999752,59.83185560000129,60.41508849999809,-4,down,1,0.5927584000019124,None,participant_1,001,2025-09-11_11h05.04.117,orientation_discrimination,,2025.1.1,59.83090589302619,2025-09-11 11h05.22.099906 +0530,
28,0,28,0,down,0,1.0648830000063754,None,28,0,28,0,60.431855499999074,,,,,,,,,60.415337099999306,60.431855499999074,61.41621949999535,61.43309510000108,62.48344409999845,0,down,0,1.0648830000063754,None,participant_1,001,2025-09-11_11h05.04.117,orientation_discrimination,,2025.1.1,59.83090589302619,2025-09-11 11h05.22.099906 +0530,
29,0,29,0,down,0,0.6941529999967315,None,29,0,29,0,62.4992179999972,,,,,,,,,62.483823599999596,62.4992179999972,63.482742399995914,63.499536800001806,64.18307959999947,0,down,0,0.6941529999967315,None,participant_1,001,2025-09-11_11h05.04.117,orientation_discrimination,,2025.1.1,59.83090589302619,2025-09-11 11h05.22.099906 +0530,
30,0,30,0,up,1,0.906457600001886,None,30,0,30,0,64.19929050000064,,,,,,,,,64.18346499999461,64.19929050000064,65.18277069999749,65.19923220000055,66.09869849999814,0,up,1,0.906457600001886,None,participant_1,001,2025-09-11_11h05.04.117,orientation_discrimination,,2025.1.1,59.83090589302619,2025-09-11 11h05.22.099906 +0530,
31,0,31,1,down,1,0.7458054000017,None,31,0,31,0,66.11446340000111,,,,,,,,,66.09890349999478,66.11446340000111,67.09909530000004,67.11589699999604,67.84965299999749,1,down,1,0.7458054000017,None,participant_1,001,2025-09-11_11h05.04.117,orientation_discrimination,,2025.1.1,59.83090589302619,2025-09-11 11h05.22.099906 +0530,
32,0,32,0,up,1,0.7499791999944136,None,32,0,32,0,67.8661146999948,,,,,,,,,67.85005719999754,67.8661146999948,68.84947419999662,68.86612109999987,69.61667540000053,0,up,1,0.7499791999944136,None,participant_1,001,2025-09-11_11h05.04.117,orientation_discrimination,,2025.1.1,59.83090589302619,2025-09-11 11h05.22.099906 +0530,
33,0,33,3,down,1,1.0464741999967373,None,33,0,33,0,69.63289039999654,,,,,,,,,69.61710060000041,69.63289039999654,70.6327695,70.6327695,71.68356589999894,3,down,1,1.0464741999967373,None,participant_1,001,2025-09-11_11h05.04.117,orientation_discrimination,,2025.1.1,59.83090589302619,2025-09-11 11h05.22.099906 +0530,
34,0,34,1,up,0,0.8353239999996731,None,34,0,34,0,71.69877719999931,,,,,,,,,71.68397800000093,71.69877719999931,72.69794959999854,72.69794959999854,73.5501437999992,1,up,0,0.8353239999996731,None,participant_1,001,2025-09-11_11h05.04.117,orientation_discrimination,,2025.1.1,59.83090589302619,2025-09-11 11h05.22.099906 +0530,
35,0,35,-2,down,1,1.295564200001536,None,35,0,35,0,73.56592299999465,,,,,,,,,73.55057139999553,73.56592299999465,74.54941120000149,74.56607789999543,75.84951179999916,-2,down,1,1.295564200001536,None,participant_1,001,2025-09-11_11h05.04.117,orientation_discrimination,,2025.1.1,59.83090589302619,2025-09-11 11h05.22.099906 +0530,
36,0,36,0,down,0,1.0561524000004283,None,36,0,36,0,75.86605150000105,,,,,,,,,75.84994329999608,75.86605150000105,76.8494167999961,76.86632839999947,77.91647060000105,0,down,0,1.0561524000004283,None,participant_1,001,2025-09-11_11h05.04.117,orientation_discrimination,,2025.1.1,59.83090589302619,2025-09-11 11h05.22.099906 +0530,
37,0,37,-3,down,1,0.6185461999994004,None,37,0,37,0,77.93281869999919,,,,,,,,,77.9168944999983,77.93281869999919,78.93137849999766,78.94826889999968,79.5648680000013,-3,down,1,0.6185461999994004,None,participant_1,001,2025-09-11_11h05.04.117,orientation_discrimination,,2025.1.1,59.83090589302619,2025-09-11 11h05.22.099906 +0530,
38,0,38,0,down,0,0.8174416000038036,None,38,0,38,0,79.58147549999558,,,,,,,,,79.56506870000158,79.58147549999558,80.5660835000017,80.58269089999521,81.39988379999704,0,down,0,0.8174416000038036,None,participant_1,001,2025-09-11_11h05.04.117,orientation_discrimination,,2025.1.1,59.83090589302619,2025-09-11 11h05.22.099906 +0530,
39,0,39,0,down,0,0.7303828000003705,None,39,0,39,0,81.4160630999977,,,,,,,,,81.40025529999548,81.4160630999977,82.39936830000079,82.41602789999888,83.13340339999559,0,down,0,0.7303828000003705,None,participant_1,001,2025-09-11_11h05.04.117,orientation_discrimination,,2025.1.1,59.83090589302619,2025-09-11 11h05.22.099906 +0530,
40,0,40,0,up,1,0.9924143000025651,None,40,0,40,0,83.1493330000012,,,,,,,,,83.1338162999964,83.1493330000012,84.1328732999973,84.14934289999655,85.13201259999914,0,up,1,0.9924143000025651,None,participant_1,001,2025-09-11_11h05.04.117,orientation_discrimination,,2025.1.1,59.83090589302619,2025-09-11 11h05.22.099906 +0530,
41,0,41,-5,down,1,0.6466542999987723,None,41,0,41,0,85.14838269999746,,,,,,,,,85.1323177000013,85.14838269999746,86.13266469999508,86.14903219999542,86.78420470000128,-5,down,1,0.6466542999987723,None,participant_1,001,2025-09-11_11h05.04.117,orientation_discrimination,,2025.1.1,59.83090589302619,2025-09-11 11h05.22.099906 +0530,
42,0,42,3,down,1,1.0711568999977317,None,42,0,42,0,86.79940079999506,,,,,,,,,86.78462349999609,86.79940079999506,87.79923029999918,87.79923029999918,88.88343399999576,3,down,1,1.0711568999977317,None,participant_1,001,2025-09-11_11h05.04.117,orientation_discrimination,,2025.1.1,59.83090589302619,2025-09-11 11h05.22.099906 +0530,
43,0,43,-3,up,0,0.8456678000002285,None,43,0,43,0,88.89924489999976,,,,,,,,,88.88391959999717,88.89924489999976,89.89923099999578,89.89923099999578,90.74951280000096,-3,up,0,0.8456678000002285,None,participant_1,001,2025-09-11_11h05.04.117,orientation_discrimination,,2025.1.1,59.83090589302619,2025-09-11 11h05.22.099906 +0530,
44,0,44,0,up,1,0.6632520999992266,None,44,0,44,0,90.76592669999809,,,,,,,,,90.74992639999982,90.76592669999809,91.76454889999877,91.78112949999922,92.43274709999969,0,up,1,0.6632520999992266,None,participant_1,001,2025-09-11_11h05.04.117,orientation_discrimination,,2025.1.1,59.83090589302619,2025-09-11 11h05.22.099906 +0530,
45,0,45,0,up,1,0.759681499999715,None,45,0,45,0,92.44920740000089,,,,,,,,,92.43314190000092,92.44920740000089,93.44880269999703,93.44880269999703,94.21645229999558,0,up,1,0.759681499999715,None,participant_1,001,2025-09-11_11h05.04.117,orientation_discrimination,,2025.1.1,59.83090589302619,2025-09-11 11h05.22.099906 +0530,
46,0,46,3,down,1,0.6894065000014962,None,46,0,46,0,94.2326619000014,,,,,,,,,94.21687839999504,94.2326619000014,95.21615459999884,95.23243669999647,95.91658459999599,3,down,1,0.6894065000014962,None,participant_1,001,2025-09-11_11h05.04.117,orientation_discrimination,,2025.1.1,59.83090589302619,2025-09-11 11h05.22.099906 +0530,
47,0,47,2,down,1,0.9767772999985027,None,47,0,47,0,95.9323099999965,,,,,,,,,95.91700809999747,95.9323099999965,96.93124689999968,96.94780199999514,97.91593869999633,2,down,1,0.9767772999985027,None,participant_1,001,2025-09-11_11h05.04.117,orientation_discrimination,,2025.1.1,59.83090589302619,2025-09-11 11h05.22.099906 +0530,
48,0,48,0,down,0,0.8092670000041835,None,48,0,48,0,97.93244199999754,,,,,,,,,97.91627059999882,97.93244199999754,98.91572679999808,98.93288819999725,99.73327019999851,0,down,0,0.8092670000041835,None,participant_1,001,2025-09-11_11h05.04.117,orientation_discrimination,,2025.1.1,59.83090589302619,2025-09-11 11h05.22.099906 +0530,
49,0,49,4,down,1,0.6722391999937827,None,49,0,49,0,99.74919640000007,,,,,,,,,99.73367529999814,99.74919640000007,100.73278919999575,100.74902879999718,101.41609519999474,4,down,1,0.6722391999937827,None,participant_1,001,2025-09-11_11h05.04.117,orientation_discrimination,,2025.1.1,59.83090589302619,2025-09-11 11h05.22.099906 +0530,
50,0,50,0,down,0,1.5582530000028783,None,50,0,50,0,101.43267229999765,,,,,,,,,101.41652469999826,101.43267229999765,102.41596099999879,102.43233209999744,103.98197219999565,0,down,0,1.5582530000028783,None,participant_1,001,2025-09-11_11h05.04.117,orientation_discrimination,,2025.1.1,59.83090589302619,2025-09-11 11h05.22.099906 +0530,
51,0,51,0,up,1,0.9813996999946539,None,51,0,51,0,103.99899899999582,,,,,,,,,103.98254079999606,103.99899899999582,104.99768339999719,105.01434169999993,105.98310320000019,0,up,1,0.9813996999946539,None,participant_1,001,2025-09-11_11h05.04.117,orientation_discrimination,,2025.1.1,59.83090589302619,2025-09-11 11h05.22.099906 +0530,
52,0,52,0,up,1,0.7164730000004056,None,52,0,52,0,105.99914870000066,,,,,,,,,105.98354909999762,105.99914870000066,106.98270200000115,106.99920049999491,107.69996729999548,0,up,1,0.7164730000004056,None,participant_1,001,2025-09-11_11h05.04.117,orientation_discrimination,,2025.1.1,59.83090589302619,2025-09-11 11h05.22.099906 +0530,
53,0,53,1,down,1,0.8890179000009084,None,53,0,53,0,107.71597420000035,,,,,,,,,107.70036799999798,107.71597420000035,108.69934510000166,108.71610589999909,109.59986750000098,1,down,1,0.8890179000009084,None,participant_1,001,2025-09-11_11h05.04.117,orientation_discrimination,,2025.1.1,59.83090589302619,2025-09-11 11h05.22.099906 +0530,
54,0,54,-3,down,1,0.5372150000039255,None,54,0,54,0,109.6160052999985,,,,,,,,,109.60028559999773,109.6160052999985,110.61467819999962,110.63130019999517,111.16516019999835,-3,down,1,0.5372150000039255,None,participant_1,001,2025-09-11_11h05.04.117,orientation_discrimination,,2025.1.1,59.83090589302619,2025-09-11 11h05.22.099906 +0530,
55,0,55,2,down,1,0.5614366000008886,None,55,0,55,0,111.18143050000072,,,,,,,,,111.16545870000118,111.18143050000072,112.1656423999957,112.18249269999797,112.73326490000181,2,down,1,0.5614366000008886,None,participant_1,001,2025-09-11_11h05.04.117,orientation_discrimination,,2025.1.1,59.83090589302619,2025-09-11 11h05.22.099906 +0530,
56,0,56,0,down,0,0.562143199997081,None,56,0,56,0,112.74914629999694,,,,,,,,,112.73369229999662,112.74914629999694,113.73250919999555,113.7492173999999,114.2997108999989,0,down,0,0.562143199997081,None,participant_1,001,2025-09-11_11h05.04.117,orientation_discrimination,,2025.1.1,59.83090589302619,2025-09-11 11h05.22.099906 +0530,
57,0,57,0,down,0,0.5715664000017568,None,57,0,57,0,114.31579529999726,,,,,,,,,114.30017560000124,114.31579529999726,115.29914260000078,115.31569989999844,115.88311599999724,0,down,0,0.5715664000017568,None,participant_1,001,2025-09-11_11h05.04.117,orientation_discrimination,,2025.1.1,59.83090589302619,2025-09-11 11h05.22.099906 +0530,
58,0,58,3,down,1,0.515376200004539,None,58,0,58,0,115.89929019999545,,,,,,,,,115.8835334999967,115.89929019999545,116.89822789999744,116.91451260000031,117.41724629999953,3,down,1,0.515376200004539,None,participant_1,001,2025-09-11_11h05.04.117,orientation_discrimination,,2025.1.1,59.83090589302619,2025-09-11 11h05.22.099906 +0530,
59,0,59,4,down,1,0.5303750000020955,None,59,0,59,0,117.43154019999929,,,,,,,,,117.41753569999855,117.43154019999929,118.43267489999562,118.43267489999562,118.96630670000013,4,down,1,0.5303750000020955,None,participant_1,001,2025-09-11_11h05.04.117,orientation_discrimination,,2025.1.1,59.83090589302619,2025-09-11 11h05.22.099906 +0530,
60,0,60,0,up,1,0.6803588000038872,None,60,0,60,0,118.98251639999944,,,,,,,,,118.96672459999536,118.98251639999944,119.96578169999702,119.98258350000106,120.64995929999714,0,up,1,0.6803588000038872,None,participant_1,001,2025-09-11_11h05.04.117,orientation_discrimination,,2025.1.1,59.83090589302619,2025-09-11 11h05.22.099906 +0530,
61,0,61,0,up,1,0.59171019999485,None,61,0,61,0,120.66590970000107,,,,,,,,,120.65039299999626,120.66590970000107,121.6490954999972,121.66579439999623,122.24966629999835,0,up,1,0.59171019999485,None,participant_1,001,2025-09-11_11h05.04.117,orientation_discrimination,,2025.1.1,59.83090589302619,2025-09-11 11h05.22.099906 +0530,
62,0,62,0,up,1,0.605100399996445,None,62,0,62,0,122.26579579999816,,,,,,,,,122.25010729999485,122.26579579999816,123.26416969999991,123.28126930000144,123.8814155,0,up,1,0.605100399996445,None,participant_1,001,2025-09-11_11h05.04.117,orientation_discrimination,,2025.1.1,59.83090589302619,2025-09-11 11h05.22.099906 +0530,
63,0,63,0,down,0,0.7637907999960589,None,63,0,63,0,123.89772770000127,,,,,,,,,123.88160899999639,123.89772770000127,124.88268899999821,124.8988446000003,125.64956879999954,0,down,0,0.7637907999960589,None,participant_1,001,2025-09-11_11h05.04.117,orientation_discrimination,,2025.1.1,59.83090589302619,2025-09-11 11h05.22.099906 +0530,
64,0,64,0,up,1,0.9177262999946834,None,64,0,64,0,125.66589620000013,,,,,,,,,125.64998779999587,125.66589620000013,126.64899499999592,126.66570689999935,127.58258009999554,0,up,1,0.9177262999946834,None,participant_1,001,2025-09-11_11h05.04.117,orientation_discrimination,,2025.1.1,59.83090589302619,2025-09-11 11h05.22.099906 +0530,
65,0,65,0,up,1,0.7116413999974611,None,65,0,65,0,127.59913989999768,,,,,,,,,127.58294690000184,127.59913989999768,128.58272849999776,128.59904570000072,129.2996267999988,0,up,1,0.7116413999974611,None,participant_1,001,2025-09-11_11h05.04.117,orientation_discrimination,,2025.1.1,59.83090589302619,2025-09-11 11h05.22.099906 +0530,
66,0,66,-3,down,1,0.5861699000015506,None,66,0,66,0,129.31570339999598,,,,,,,,,129.30008969999471,129.31570339999598,130.31455840000126,130.3310341999968,130.9146752000015,-3,down,1,0.5861699000015506,None,participant_1,001,2025-09-11_11h05.04.117,orientation_discrimination,,2025.1.1,59.83090589302619,2025-09-11 11h05.22.099906 +0530,
67,0,67,-2,down,1,0.6920758000051137,None,67,0,67,0,130.9314671999964,,,,,,,,,130.9148927999995,130.9314671999964,131.9156606999968,131.93227040000056,132.61622129999887,-2,down,1,0.6920758000051137,None,participant_1,001,2025-09-11_11h05.04.117,orientation_discrimination,,2025.1.1,59.83090589302619,2025-09-11 11h05.22.099906 +0530,
68,0,68,-2,down,1,0.7027717000019038,None,68,0,68,0,132.63273439999466,,,,,,,,,132.61664899999596,132.63273439999466,133.6158441000007,133.63235369999893,134.33314309999696,-2,down,1,0.7027717000019038,None,participant_1,001,2025-09-11_11h05.04.117,orientation_discrimination,,2025.1.1,59.83090589302619,2025-09-11 11h05.22.099906 +0530,
69,0,69,2,down,1,0.6772867999970913,None,69,0,69,0,134.34908639999776,,,,,,,,,134.3336197999961,134.34908639999776,135.33252979999816,135.34914019999997,136.0149831000017,2,down,1,0.6772867999970913,None,participant_1,001,2025-09-11_11h05.04.117,orientation_discrimination,,2025.1.1,59.83090589302619,2025-09-11 11h05.22.099906 +0530,
70,0,70,1,down,1,0.8338493999981438,None,70,0,70,0,136.03091760000098,,,,,,,,,136.015235699997,136.03091760000098,137.01433549999638,137.0312677999973,137.84931320000032,1,down,1,0.8338493999981438,None,participant_1,001,2025-09-11_11h05.04.117,orientation_discrimination,,2025.1.1,59.83090589302619,2025-09-11 11h05.22.099906 +0530,
71,0,71,0,up,1,0.6085329999987152,None,71,0,71,0,137.86566409999796,,,,,,,,,137.84972919999564,137.86566409999796,138.8491470000008,138.8661981999976,139.46646079999482,0,up,1,0.6085329999987152,None,participant_1,001,2025-09-11_11h05.04.117,orientation_discrimination,,2025.1.1,59.83090589302619,2025-09-11 11h05.22.099906 +0530,
72,0,72,0,up,1,0.5341062999941641,None,72,0,72,0,139.48211699999956,,,,,,,,,139.46689299999707,139.48211699999956,140.46566560000065,140.4843899999978,141.01810090000072,0,up,1,0.5341062999941641,None,participant_1,001,2025-09-11_11h05.04.117,orientation_discrimination,,2025.1.1,59.83090589302619,2025-09-11 11h05.22.099906 +0530,
73,0,73,4,down,1,0.6414790000053472,None,73,0,73,0,141.03318040000158,,,,,,,,,141.01867189999757,141.03318040000158,142.03244319999794,142.03244319999794,142.6815587999954,4,down,1,0.6414790000053472,None,participant_1,001,2025-09-11_11h05.04.117,orientation_discrimination,,2025.1.1,59.83090589302619,2025-09-11 11h05.22.099906 +0530,
74,0,74,-4,down,1,0.6112457999988692,None,74,0,74,0,142.6979691000015,,,,,,,,,142.6819364999974,142.6979691000015,143.68145649999497,143.69790379999904,144.29936820000148,-4,down,1,0.6112457999988692,None,participant_1,001,2025-09-11_11h05.04.117,orientation_discrimination,,2025.1.1,59.83090589302619,2025-09-11 11h05.22.099906 +0530,
75,0,75,-3,down,1,0.4861605999976746,None,75,0,75,0,144.31561559999682,,,,,,,,,144.2998632000017,144.31561559999682,145.29898129999492,145.31567820000055,145.79940299999726,-3,down,1,0.4861605999976746,None,participant_1,001,2025-09-11_11h05.04.117,orientation_discrimination,,2025.1.1,59.83090589302619,2025-09-11 11h05.22.099906 +0530,
76,0,76,4,down,1,0.5376340000002529,None,76,0,76,0,145.815858199996,,,,,,,,,145.79981009999756,145.815858199996,146.79916209999647,146.81570049999573,147.34954239999934,4,down,1,0.5376340000002529,None,participant_1,001,2025-09-11_11h05.04.117,orientation_discrimination,,2025.1.1,59.83090589302619,2025-09-11 11h05.22.099906 +0530,
77,0,77,-5,down,1,0.527295600004436,None,77,0,77,0,147.36567859999923,,,,,,,,,147.3500376000011,147.36567859999923,148.34897869999986,148.36570819999906,148.88122160000057,-5,down,1,0.527295600004436,None,participant_1,001,2025-09-11_11h05.04.117,orientation_discrimination,,2025.1.1,59.83090589302619,2025-09-11 11h05.22.099906 +0530,
78,0,78,3,down,1,0.6689878999968641,None,78,0,78,0,148.8974894999992,,,,,,,,,148.8814190999983,148.8974894999992,149.88105939999514,149.8976315999971,150.56622719999723,3,down,1,0.6689878999968641,None,participant_1,001,2025-09-11_11h05.04.117,orientation_discrimination,,2025.1.1,59.83090589302619,2025-09-11 11h05.22.099906 +0530,
79,0,79,0,up,1,0.7176389000014751,None,79,0,79,0,150.58225429999584,,,,,,,,,150.56666330000007,150.58225429999584,151.56542959999933,151.58233469999686,152.29924119999487,0,up,1,0.7176389000014751,None,participant_1,001,2025-09-11_11h05.04.117,orientation_discrimination,,2025.1.1,59.83090589302619,2025-09-11 11h05.22.099906 +0530,
80,0,80,0,up,1,0.6315867000012076,None,80,0,80,0,152.31589359999634,,,,,,,,,152.29966530000092,152.31589359999634,153.29890039999736,153.31561499999953,153.93310309999652,0,up,1,0.6315867000012076,None,participant_1,001,2025-09-11_11h05.04.117,orientation_discrimination,,2025.1.1,59.83090589302619,2025-09-11 11h05.22.099906 +0530,
81,0,81,0,up,1,1.2409953999958816,None,81,0,81,0,153.94871079999575,,,,,,,,,153.93352179999783,153.94871079999575,154.9320007999995,154.94866349999938,156.1812940000018,0,up,1,1.2409953999958816,None,participant_1,001,2025-09-11_11h05.04.117,orientation_discrimination,,2025.1.1,59.83090589302619,2025-09-11 11h05.22.099906 +0530,
82,0,82,4,down,1,0.6391835999966133,None,82,0,82,0,156.1975218000007,,,,,,,,,156.18149589999666,156.1975218000007,157.18080159999954,157.19764719999512,157.83285230000183,4,down,1,0.6391835999966133,None,participant_1,001,2025-09-11_11h05.04.117,orientation_discrimination,,2025.1.1,59.83090589302619,2025-09-11 11h05.22.099906 +0530,
83,0,83,0,up,1,0.8707972000047448,None,83,0,83,0,157.8487124999956,,,,,,,,,157.83323640000162,157.8487124999956,158.8325801999963,158.8490429999947,159.7161707999985,0,up,1,0.8707972000047448,None,participant_1,001,2025-09-11_11h05.04.117,orientation_discrimination,,2025.1.1,59.83090589302619,2025-09-11 11h05.22.099906 +0530,
84,0,84,0,up,1,0.7214392000023508,None,84,0,84,0,159.73239240000112,,,,,,,,,159.71654750000016,159.73239240000112,160.7156079999986,160.73232239999925,161.45132279999962,0,up,1,0.7214392000023508,None,participant_1,001,2025-09-11_11h05.04.117,orientation_discrimination,,2025.1.1,59.83090589302619,2025-09-11 11h05.22.099906 +0530,
85,0,85,0,up,1,0.5884937000009813,None,85,0,85,0,161.46630480000022,,,,,,,,,161.45172559999628,161.46630480000022,162.46500450000167,162.48105799999757,163.06480870000087,0,up,1,0.5884937000009813,None,participant_1,001,2025-09-11_11h05.04.117,orientation_discrimination,,2025.1.1,59.83090589302619,2025-09-11 11h05.22.099906 +0530,
86,0,86,-4,down,1,0.6564250000010361,None,86,0,86,0,163.08390240000153,,,,,,,,,163.065085299997,163.08390240000153,164.06568790000165,164.09881589999713,164.7328639999978,-4,down,1,0.6564250000010361,None,participant_1,001,2025-09-11_11h05.04.117,orientation_discrimination,,2025.1.1,59.83090589302619,2025-09-11 11h05.22.099906 +0530,
87,0,87,0,up,1,0.7400759000011021,None,87,0,87,0,164.75126150000142,,,,,,,,,164.73326010000164,164.75126150000142,165.732222300001,165.76560659999814,166.48281609999685,0,up,1,0.7400759000011021,None,participant_1,001,2025-09-11_11h05.04.117,orientation_discrimination,,2025.1.1,59.83090589302619,2025-09-11 11h05.22.099906 +0530,
88,0,88,0,up,1,0.7061390999951982,None,88,0,88,0,166.49871590000112,,,,,,,,,166.48324019999563,166.49871590000112,167.51541010000074,167.51541010000074,168.23108309999952,0,up,1,0.7061390999951982,None,participant_1,001,2025-09-11_11h05.04.117,orientation_discrimination,,2025.1.1,59.83090589302619,2025-09-11 11h05.22.099906 +0530,
89,0,89,0,up,1,0.5797759999986738,None,89,0,89,0,168.2478192999988,,,,,,,,,168.23126899999625,168.2478192999988,169.23102749999816,169.24790499999654,169.81600120000076,0,up,1,0.5797759999986738,None,participant_1,001,2025-09-11_11h05.04.117,orientation_discrimination,,2025.1.1,59.83090589302619,2025-09-11 11h05.22.099906 +0530,
90,0,90,1,up,0,0.7240385999975842,None,90,0,90,0,169.8322321999949,,,,,,,,,169.8164281999998,169.8322321999949,170.81560909999826,170.8342571999965,171.54910050000035,1,up,0,0.7240385999975842,None,participant_1,001,2025-09-11_11h05.04.117,orientation_discrimination,,2025.1.1,59.83090589302619,2025-09-11 11h05.22.099906 +0530,
91,0,91,0,up,1,0.7691072999950848,None,91,0,91,0,171.56471279999823,,,,,,,,,171.54945700000098,171.56471279999823,172.54893829999492,172.56573979999666,173.33291449999524,0,up,1,0.7691072999950848,None,participant_1,001,2025-09-11_11h05.04.117,orientation_discrimination,,2025.1.1,59.83090589302619,2025-09-11 11h05.22.099906 +0530,
92,0,92,0,up,1,0.6371159999980591,None,92,0,92,0,173.34877929999493,,,,,,,,,173.3333711000014,173.34877929999493,174.3327582999991,174.34863870000117,174.98121539999556,0,up,1,0.6371159999980591,None,participant_1,001,2025-09-11_11h05.04.117,orientation_discrimination,,2025.1.1,59.83090589302619,2025-09-11 11h05.22.099906 +0530,
93,0,93,-5,down,1,0.6338078999979189,None,93,0,93,0,174.99763849999727,,,,,,,,,174.9815196999989,174.99763849999727,175.98232959999586,175.9989224999954,176.63298879999638,-5,down,1,0.6338078999979189,None,participant_1,001,2025-09-11_11h05.04.117,orientation_discrimination,,2025.1.1,59.83090589302619,2025-09-11 11h05.22.099906 +0530,
94,0,94,0,up,1,1.0084218000047258,None,94,0,94,0,176.64894320000167,,,,,,,,,176.633393899996,176.64894320000167,177.6322008999996,177.64901079999981,178.64939739999681,0,up,1,1.0084218000047258,None,participant_1,001,2025-09-11_11h05.04.117,orientation_discrimination,,2025.1.1,59.83090589302619,2025-09-11 11h05.22.099906 +0530,
95,0,95,1,up,0,0.7774554999996326,None,95,0,95,0,178.6653640000004,,,,,,,,,178.6498569999967,178.6653640000004,179.64881700000115,179.6656434999968,180.4327312999958,1,up,0,0.7774554999996326,None,participant_1,001,2025-09-11_11h05.04.117,orientation_discrimination,,2025.1.1,59.83090589302619,2025-09-11 11h05.22.099906 +0530,
96,0,96,1,down,1,0.7417891000004602,None,96,0,96,0,180.44889500000136,,,,,,,,,180.43315569999686,180.44889500000136,181.44752119999612,181.46402690000104,182.19801999999618,1,down,1,0.7417891000004602,None,participant_1,001,2025-09-11_11h05.04.117,orientation_discrimination,,2025.1.1,59.83090589302619,2025-09-11 11h05.22.099906 +0530,
97,0,97,-4,down,1,0.8058107000033488,None,97,0,97,0,182.2145848,,,,,,,,,182.19834249999985,182.2145848,183.19884729999467,183.2155070000008,184.01604609999777,-4,down,1,0.8058107000033488,None,participant_1,001,2025-09-11_11h05.04.117,orientation_discrimination,,2025.1.1,59.83090589302619,2025-09-11 11h05.22.099906 +0530,
98,0,98,3,down,1,0.6344447000010405,None,98,0,98,0,184.0323642000003,,,,,,,,,184.01646929999697,184.0323642000003,185.01515149999614,185.0321363999974,185.6662146000017,3,down,1,0.6344447000010405,None,participant_1,001,2025-09-11_11h05.04.117,orientation_discrimination,,2025.1.1,59.83090589302619,2025-09-11 11h05.22.099906 +0530,
99,0,99,-2,down,1,1.3555186000012327,None,99,0,99,0,185.681934799999,,,,,,,,,185.66662579999684,185.681934799999,186.66540099999838,186.6823093999992,188.0310152999955,-2,down,1,1.3555186000012327,None,participant_1,001,2025-09-11_11h05.04.117,orientation_discrimination,,2025.1.1,59.83090589302619,2025-09-11 11h05.22.099906 +0530,
