pos,corr_resp,thisN,thisTrialN,thisRepN,key_resp.keys,key_resp.corr,key_resp.rt,key_resp.duration,trials.thisRepN,trials.thisTrialN,trials.thisN,trials.thisIndex,trials_2.thisRepN,trials_2.thisTrialN,trials_2.thisN,trials_2.thisIndex,thisRow.t,notes,instructions.started,text.started,key_resp_2.started,instructions.stopped,key_resp_2.keys,key_resp_2.rt,key_resp_2.duration,trial.started,fixation.started,line_1.started,line_2.started,line_3.started,line_4.started,fixation.stopped,probe.started,key_resp.started,trial.stopped,trials.key_resp.keys,trials.key_resp.corr,trials.key_resp.rt,trials.key_resp.duration,trials_2.key_resp.keys,trials_2.key_resp.corr,trials_2.key_resp.rt,trials_2.key_resp.duration,participant,session,date,expName,expVersion,psychopyVersion,frameRate,expStart,
,,,,,,,,,,,,,,,,,,,0.0035137999802827835,0.021109299996169284,0.021109299996169284,2.241035599989118,space,2.1008440000005066,None,,,,,,,,,,,,,,,,,,,participant 1,001,2025-10-04_21h35.59.108,motor_sequence_learning,,2025.1.1,60.15081011104695,2025-10-04 21h36.10.178468 +0530,
-50,x,0,0,0,x,1,1.5042458999960218,None,0,0,0,0,,,,,2.2712020999751985,,,,,,,,,2.250676800002111,2.2712020999751985,3.255660800001351,3.255660800001351,3.255660800001351,3.255660800001351,3.2723473999940325,4.255377099994803,4.255377099994803,5.7717891999927815,x,1,1.5042458999960218,None,,,,,participant 1,001,2025-10-04_21h35.59.108,motor_sequence_learning,,2025.1.1,60.15081011104695,2025-10-04 21h36.10.178468 +0530,
150,v,1,1,0,v,1,1.2507176999934018,None,0,1,1,1,,,,,5.78782389999833,,,,,,,,,5.772134600003483,5.78782389999833,6.772590299980948,6.772590299980948,6.772590299980948,6.772590299980948,6.789290399989113,7.772383000003174,7.772383000003174,9.040306099981535,v,1,1.2507176999934018,None,,,,,participant 1,001,2025-10-04_21h35.59.108,motor_sequence_learning,,2025.1.1,60.15081011104695,2025-10-04 21h36.10.178468 +0530,
50,c,2,2,0,c,1,1.2006409000023268,None,0,2,2,2,,,,,9.056018999981461,,,,,,,,,9.040834699990228,9.056018999981461,10.055783599993447,10.055783599993447,10.055783599993447,10.055783599993447,10.055783599993447,11.054210499976762,11.054210499976762,12.257493699988117,c,1,1.2006409000023268,None,,,,,participant 1,001,2025-10-04_21h35.59.108,motor_sequence_learning,,2025.1.1,60.15081011104695,2025-10-04 21h36.10.178468 +0530,
-150,z,3,3,0,z,1,1.2850889999826904,None,0,3,3,3,,,,,12.272558099997696,,,,,,,,,12.258003599999938,12.272558099997696,13.272529999987455,13.272529999987455,13.272529999987455,13.272529999987455,13.272529999987455,14.272386800003005,14.272386800003005,15.573176599980798,z,1,1.2850889999826904,None,,,,,participant 1,001,2025-10-04_21h35.59.108,motor_sequence_learning,,2025.1.1,60.15081011104695,2025-10-04 21h36.10.178468 +0530,
-50,x,4,0,1,x,1,1.378065400000196,None,1,0,4,0,,,,,15.589040799997747,,,,,,,,,15.573685799987288,15.589040799997747,16.587840399995912,16.587840399995912,16.587840399995912,16.587840399995912,16.587840399995912,17.572502399998484,17.572502399998484,18.956291099981172,x,1,1.378065400000196,None,,,,,participant 1,001,2025-10-04_21h35.59.108,motor_sequence_learning,,2025.1.1,60.15081011104695,2025-10-04 21h36.10.178468 +0530,
150,v,5,1,1,v,1,1.1216753000044264,None,1,1,5,1,,,,,18.972144400002435,,,,,,,,,18.956820499995956,18.972144400002435,19.955681899999036,19.955681899999036,19.955681899999036,19.955681899999036,19.97238229998038,20.955487100000028,20.955487100000028,22.089334299991606,v,1,1.1216753000044264,None,,,,,participant 1,001,2025-10-04_21h35.59.108,motor_sequence_learning,,2025.1.1,60.15081011104695,2025-10-04 21h36.10.178468 +0530,
50,c,6,2,1,c,1,1.1300858999893535,None,1,2,6,2,,,,,22.105791099980706,,,,,,,,,22.090115300001344,22.105791099980706,23.089079700002912,23.089079700002912,23.089079700002912,23.089079700002912,23.106075599993346,24.089140700001735,24.089140700001735,25.223133799998323,c,1,1.1300858999893535,None,,,,,participant 1,001,2025-10-04_21h35.59.108,motor_sequence_learning,,2025.1.1,60.15081011104695,2025-10-04 21h36.10.178468 +0530,
-150,z,7,3,1,z,1,1.3167504000011832,None,1,3,7,3,,,,,25.238738299987745,,,,,,,,,25.223637999995844,25.238738299987745,26.222363799985033,26.222363799985033,26.222363799985033,26.222363799985033,26.239108899986604,27.238938199996483,27.238938199996483,28.55647169999429,z,1,1.3167504000011832,None,,,,,participant 1,001,2025-10-04_21h35.59.108,motor_sequence_learning,,2025.1.1,60.15081011104695,2025-10-04 21h36.10.178468 +0530,
-50,x,8,0,2,x,1,1.4762317000131588,None,2,0,8,0,,,,,28.57230869997875,,,,,,,,,28.557011400000192,28.57230869997875,29.556045299977995,29.556045299977995,29.556045299977995,29.556045299977995,29.57261999999173,30.555801399983466,30.555801399983466,32.03972099997918,x,1,1.4762317000131588,None,,,,,participant 1,001,2025-10-04_21h35.59.108,motor_sequence_learning,,2025.1.1,60.15081011104695,2025-10-04 21h36.10.178468 +0530,
150,v,9,1,2,v,1,1.2101392000040505,None,2,1,9,1,,,,,32.05555540000205,,,,,,,,,32.04027589998441,32.05555540000205,33.03935039998032,33.03935039998032,33.03935039998032,33.03935039998032,33.05595349997748,34.055629999988014,34.055629999988014,35.27302110000164,v,1,1.2101392000040505,None,,,,,participant 1,001,2025-10-04_21h35.59.108,motor_sequence_learning,,2025.1.1,60.15081011104695,2025-10-04 21h36.10.178468 +0530,
50,c,10,2,2,c,1,0.8752514999941923,None,2,2,10,2,,,,,35.289043600001605,,,,,,,,,35.27353259999654,35.289043600001605,36.27243529999396,36.27243529999396,36.27243529999396,36.27243529999396,36.2895325999998,37.272262499987846,37.272262499987846,38.155082299985224,c,1,0.8752514999941923,None,,,,,participant 1,001,2025-10-04_21h35.59.108,motor_sequence_learning,,2025.1.1,60.15081011104695,2025-10-04 21h36.10.178468 +0530,
-150,z,11,3,2,z,1,0.6137211000022944,None,2,3,11,3,,,,,38.17160489998059,,,,,,,,,38.15554229999543,38.17160489998059,39.15448810000089,39.15448810000089,39.15448810000089,39.15448810000089,39.17104639997706,40.155587799992645,40.155587799992645,40.7733040000021,z,1,0.6137211000022944,None,,,,,participant 1,001,2025-10-04_21h35.59.108,motor_sequence_learning,,2025.1.1,60.15081011104695,2025-10-04 21h36.10.178468 +0530,
-50,x,12,0,3,x,1,0.9655404000077397,None,3,0,12,0,,,,,40.78912429997581,,,,,,,,,40.77381159999641,40.78912429997581,41.789183699991554,41.789183699991554,41.789183699991554,41.789183699991554,41.789183699991554,42.77231899998151,42.77231899998151,43.74064059997909,x,1,0.9655404000077397,None,,,,,participant 1,001,2025-10-04_21h35.59.108,motor_sequence_learning,,2025.1.1,60.15081011104695,2025-10-04 21h36.10.178468 +0530,
150,v,13,1,3,v,1,0.9401843000086956,None,3,1,13,1,,,,,43.75530859999708,,,,,,,,,43.74115849999362,43.75530859999708,44.7382721999893,44.7382721999893,44.7382721999893,44.7382721999893,44.75440899998648,45.755340299976524,45.755340299976524,46.706884199986234,v,1,0.9401843000086956,None,,,,,participant 1,001,2025-10-04_21h35.59.108,motor_sequence_learning,,2025.1.1,60.15081011104695,2025-10-04 21h36.10.178468 +0530,
50,c,14,2,3,c,1,0.7715292000211775,None,3,2,14,2,,,,,46.722010299999965,,,,,,,,,46.70738409998012,46.722010299999965,47.72239709997666,47.72239709997666,47.72239709997666,47.72239709997666,47.72239709997666,48.72209819999989,48.72209819999989,49.50611289998051,c,1,0.7715292000211775,None,,,,,participant 1,001,2025-10-04_21h35.59.108,motor_sequence_learning,,2025.1.1,60.15081011104695,2025-10-04 21h36.10.178468 +0530,
-150,z,15,3,3,z,1,0.9693425000004936,None,3,3,15,3,,,,,49.522198499995284,,,,,,,,,49.50661549999495,49.522198499995284,50.505647799989674,50.505647799989674,50.505647799989674,50.505647799989674,50.522159399988595,51.50538940000115,51.50538940000115,52.489454900001874,z,1,0.9693425000004936,None,,,,,participant 1,001,2025-10-04_21h35.59.108,motor_sequence_learning,,2025.1.1,60.15081011104695,2025-10-04 21h36.10.178468 +0530,
-50,x,16,0,4,x,1,1.0688419000071008,None,4,0,16,0,,,,,52.50514319998911,,,,,,,,,52.490082299977075,52.50514319998911,53.4890563999943,53.4890563999943,53.4890563999943,53.4890563999943,53.505572800000664,54.48919259998365,54.48919259998365,55.571412199991755,x,1,1.0688419000071008,None,,,,,participant 1,001,2025-10-04_21h35.59.108,motor_sequence_learning,,2025.1.1,60.15081011104695,2025-10-04 21h36.10.178468 +0530,
150,v,17,1,4,v,1,1.0823984000016935,None,4,1,17,1,,,,,55.587148599996,,,,,,,,,55.57169859998976,55.587148599996,56.572317199985264,56.572317199985264,56.572317199985264,56.572317199985264,56.58875589998206,57.57212269998854,57.57212269998854,58.65685629998916,v,1,1.0823984000016935,None,,,,,participant 1,001,2025-10-04_21h35.59.108,motor_sequence_learning,,2025.1.1,60.15081011104695,2025-10-04 21h36.10.178468 +0530,
50,c,18,2,4,c,1,0.8071078000066336,None,4,2,18,2,,,,,58.67208719998598,,,,,,,,,58.65738959997543,58.67208719998598,59.672167599987006,59.672167599987006,59.672167599987006,59.672167599987006,59.672167599987006,60.67215719999513,60.67215719999513,61.488688599987654,c,1,0.8071078000066336,None,,,,,participant 1,001,2025-10-04_21h35.59.108,motor_sequence_learning,,2025.1.1,60.15081011104695,2025-10-04 21h36.10.178468 +0530,
-150,z,19,3,4,z,1,0.9015222000016365,None,4,3,19,3,,,,,61.50443699999596,,,,,,,,,61.488938399998005,61.50443699999596,62.48898779999581,62.48898779999581,62.48898779999581,62.48898779999581,62.50538079999387,63.489328299998306,63.489328299998306,64.40570969998953,z,1,0.9015222000016365,None,,,,,participant 1,001,2025-10-04_21h35.59.108,motor_sequence_learning,,2025.1.1,60.15081011104695,2025-10-04 21h36.10.178468 +0530,
-50,x,20,0,5,x,1,0.9166285000101198,None,5,0,20,0,,,,,64.42209429998184,,,,,,,,,64.40617309999652,64.42209429998184,65.40541139998822,65.40541139998822,65.40541139998822,65.40541139998822,65.42215279999073,66.40561329998309,66.40561329998309,67.33914789999835,x,1,0.9166285000101198,None,,,,,participant 1,001,2025-10-04_21h35.59.108,motor_sequence_learning,,2025.1.1,60.15081011104695,2025-10-04 21h36.10.178468 +0530,
150,v,21,1,5,v,1,0.34002719999989495,None,5,1,21,1,,,,,67.35539719997905,,,,,,,,,67.33971869997913,67.35539719997905,68.33878069999628,68.33878069999628,68.33878069999628,68.33878069999628,68.35536359998514,69.33903399997507,69.33903399997507,69.68958189999103,v,1,0.34002719999989495,None,,,,,participant 1,001,2025-10-04_21h35.59.108,motor_sequence_learning,,2025.1.1,60.15081011104695,2025-10-04 21h36.10.178468 +0530,
50,c,22,2,5,c,1,0.3125577000027988,None,5,2,22,2,,,,,69.70513879999635,,,,,,,,,69.69012259997544,69.70513879999635,70.68879220000235,70.68879220000235,70.68879220000235,70.68879220000235,70.70520969998324,71.70557459999691,71.70557459999691,72.02271389999078,c,1,0.3125577000027988,None,,,,,participant 1,001,2025-10-04_21h35.59.108,motor_sequence_learning,,2025.1.1,60.15081011104695,2025-10-04 21h36.10.178468 +0530,
-150,z,23,3,5,z,1,0.2739575000014156,None,5,3,23,3,,,,,72.03893579999567,,,,,,,,,72.0232304999954,72.03893579999567,73.0221743999864,73.0221743999864,73.0221743999864,73.0221743999864,73.03903230000287,74.0222149999754,74.0222149999754,74.30586819999735,z,1,0.2739575000014156,None,,,,,participant 1,001,2025-10-04_21h35.59.108,motor_sequence_learning,,2025.1.1,60.15081011104695,2025-10-04 21h36.10.178468 +0530,
-50,x,24,0,6,x,1,0.26471659998060204,None,6,0,24,0,,,,,74.32147830000031,,,,,,,,,74.3063818999799,74.32147830000031,75.30525029997807,75.30525029997807,75.30525029997807,75.30525029997807,75.32250729997759,76.30534719998832,76.30534719998832,76.57270679998328,x,1,0.26471659998060204,None,,,,,participant 1,001,2025-10-04_21h35.59.108,motor_sequence_learning,,2025.1.1,60.15081011104695,2025-10-04 21h36.10.178468 +0530,
150,v,25,1,6,v,1,0.25644710002234206,None,6,1,25,1,,,,,76.5885764999839,,,,,,,,,76.57321499998216,76.5885764999839,77.57219149998855,77.57219149998855,77.57219149998855,77.57219149998855,77.58868190000067,78.57198089998565,78.57198089998565,78.83958979998715,v,1,0.25644710002234206,None,,,,,participant 1,001,2025-10-04_21h35.59.108,motor_sequence_learning,,2025.1.1,60.15081011104695,2025-10-04 21h36.10.178468 +0530,
50,c,26,2,6,c,1,0.31889919997774996,None,6,2,26,2,,,,,78.85501229998772,,,,,,,,,78.84013009999762,78.85501229998772,79.83856319999904,79.83856319999904,79.83856319999904,79.83856319999904,79.85536719998345,80.8553737999755,80.8553737999755,81.18945889998577,c,1,0.31889919997774996,None,,,,,participant 1,001,2025-10-04_21h35.59.108,motor_sequence_learning,,2025.1.1,60.15081011104695,2025-10-04 21h36.10.178468 +0530,
-150,z,27,3,6,z,1,0.11166750002303161,None,6,3,27,3,,,,,81.20509539998602,,,,,,,,,81.19001140000182,81.20509539998602,82.18900899999426,82.18900899999426,82.18900899999426,82.18900899999426,82.2056855999981,83.18854089998058,83.18854089998058,83.30470029998105,z,1,0.11166750002303161,None,,,,,participant 1,001,2025-10-04_21h35.59.108,motor_sequence_learning,,2025.1.1,60.15081011104695,2025-10-04 21h36.10.178468 +0530,
-50,x,28,0,7,x,1,0.21177550000720657,None,7,0,28,0,,,,,83.32107169998926,,,,,,,,,83.30510519997915,83.32107169998926,84.30534489999991,84.30534489999991,84.30534489999991,84.30534489999991,84.3221346999926,85.30512269999599,85.30512269999599,85.52282630000263,x,1,0.21177550000720657,None,,,,,participant 1,001,2025-10-04_21h35.59.108,motor_sequence_learning,,2025.1.1,60.15081011104695,2025-10-04 21h36.10.178468 +0530,
150,v,29,1,7,v,1,0.24180600000545382,None,7,1,29,1,,,,,85.53834489997826,,,,,,,,,85.52360819999012,85.53834489997826,86.52212229999714,86.52212229999714,86.52212229999714,86.52212229999714,86.53871989998152,87.52204119999078,87.52204119999078,87.7727065999934,v,1,0.24180600000545382,None,,,,,participant 1,001,2025-10-04_21h35.59.108,motor_sequence_learning,,2025.1.1,60.15081011104695,2025-10-04 21h36.10.178468 +0530,
50,c,30,2,7,c,1,0.2597028999880422,None,7,2,30,2,,,,,87.78820599999744,,,,,,,,,87.77321509999456,87.78820599999744,88.77176259999396,88.77176259999396,88.77176259999396,88.77176259999396,88.7882707999961,89.77202799997758,89.77202799997758,90.03891959998873,c,1,0.2597028999880422,None,,,,,participant 1,001,2025-10-04_21h35.59.108,motor_sequence_learning,,2025.1.1,60.15081011104695,2025-10-04 21h36.10.178468 +0530,
-150,z,31,3,7,z,1,0.19327679998241365,None,7,3,31,3,,,,,90.05504320000182,,,,,,,,,90.03935659999843,90.05504320000182,91.03876399999717,91.03876399999717,91.03876399999717,91.03876399999717,91.05521669998416,92.03857009997591,92.03857009997591,92.23944399997708,z,1,0.19327679998241365,None,,,,,participant 1,001,2025-10-04_21h35.59.108,motor_sequence_learning,,2025.1.1,60.15081011104695,2025-10-04 21h36.10.178468 +0530,
-50,x,32,0,8,x,1,0.20391800001380034,None,8,0,32,0,,,,,92.2549589999835,,,,,,,,,92.23995379998814,92.2549589999835,93.23859839999932,93.23859839999932,93.23859839999932,93.23859839999932,93.25521239999216,94.23856420000084,94.23856420000084,94.4543805999856,x,1,0.20391800001380034,None,,,,,participant 1,001,2025-10-04_21h35.59.108,motor_sequence_learning,,2025.1.1,60.15081011104695,2025-10-04 21h36.10.178468 +0530,
150,v,33,1,8,v,1,0.16011980001349002,None,8,1,33,1,,,,,94.47065279999515,,,,,,,,,94.45480589999352,94.47065279999515,95.45544489999884,95.45544489999884,95.45544489999884,95.45544489999884,95.47236220000195,96.45518649998121,96.45518649998121,96.62263139997958,v,1,0.16011980001349002,None,,,,,participant 1,001,2025-10-04_21h35.59.108,motor_sequence_learning,,2025.1.1,60.15081011104695,2025-10-04 21h36.10.178468 +0530,
50,c,34,2,8,c,1,0.28889120000530966,None,8,2,34,2,,,,,96.63879169998108,,,,,,,,,96.62313719998929,96.63879169998108,97.62214880000101,97.62214880000101,97.62214880000101,97.62214880000101,97.63861229998292,98.62190099997679,98.62190099997679,98.92248189999373,c,1,0.28889120000530966,None,,,,,participant 1,001,2025-10-04_21h35.59.108,motor_sequence_learning,,2025.1.1,60.15081011104695,2025-10-04 21h36.10.178468 +0530,
-150,z,35,3,8,z,1,0.15760820001014508,None,8,3,35,3,,,,,98.93824229997699,,,,,,,,,98.92299029999413,98.93824229997699,99.92070069999318,99.92070069999318,99.92070069999318,99.92070069999318,99.93735359999118,100.92207979998784,100.92207979998784,101.08926869998686,z,1,0.15760820001014508,None,,,,,participant 1,001,2025-10-04_21h35.59.108,motor_sequence_learning,,2025.1.1,60.15081011104695,2025-10-04 21h36.10.178468 +0530,
-50,x,36,0,9,x,1,0.12857020000228658,None,9,0,36,0,,,,,101.10456439998234,,,,,,,,,101.08997719999752,101.10456439998234,102.08870229998138,102.08870229998138,102.08870229998138,102.08870229998138,102.10493619999033,103.08849049999844,103.08849049999844,103.2223599999852,x,1,0.12857020000228658,None,,,,,participant 1,001,2025-10-04_21h35.59.108,motor_sequence_learning,,2025.1.1,60.15081011104695,2025-10-04 21h36.10.178468 +0530,
150,v,37,1,9,v,1,0.17940679998719133,None,9,1,37,1,,,,,103.23828009999124,,,,,,,,,103.22283059998881,103.23828009999124,104.2221454999817,104.2221454999817,104.2221454999817,104.2221454999817,104.2386990999803,105.22184969999944,105.22184969999944,105.40588409997872,v,1,0.17940679998719133,None,,,,,participant 1,001,2025-10-04_21h35.59.108,motor_sequence_learning,,2025.1.1,60.15081011104695,2025-10-04 21h36.10.178468 +0530,
50,c,38,2,9,c,1,0.23521970000001602,None,9,2,38,2,,,,,105.42149539999082,,,,,,,,,105.4063790999935,105.42149539999082,106.4051555999904,106.4051555999904,106.4051555999904,106.4051555999904,106.42170999999507,107.40499829998589,107.40499829998589,107.6554208000016,c,1,0.23521970000001602,None,,,,,participant 1,001,2025-10-04_21h35.59.108,motor_sequence_learning,,2025.1.1,60.15081011104695,2025-10-04 21h36.10.178468 +0530,
-150,z,39,3,9,z,1,0.07317190000321716,None,9,3,39,3,,,,,107.67208799999207,,,,,,,,,107.65594979998423,107.67208799999207,108.65523949998897,108.65523949998897,108.65523949998897,108.65523949998897,108.6719094,109.65519119999954,109.65519119999954,109.73931999999331,z,1,0.07317190000321716,None,,,,,participant 1,001,2025-10-04_21h35.59.108,motor_sequence_learning,,2025.1.1,60.15081011104695,2025-10-04 21h36.10.178468 +0530,
-50,x,40,0,10,x,1,0.09258609998505563,None,10,0,40,0,,,,,109.75551550000091,,,,,,,,,109.73986169998534,109.75551550000091,110.73842529999092,110.73842529999092,110.73842529999092,110.73842529999092,110.75501619998249,111.73835609998787,111.73835609998787,111.839261599991,x,1,0.09258609998505563,None,,,,,participant 1,001,2025-10-04_21h35.59.108,motor_sequence_learning,,2025.1.1,60.15081011104695,2025-10-04 21h36.10.178468 +0530,
150,v,41,1,10,v,1,0.16716149999410845,None,10,1,41,1,,,,,111.85486110000056,,,,,,,,,111.83979259998887,111.85486110000056,112.84178170000087,112.84178170000087,112.84178170000087,112.84178170000087,112.85527800000273,113.8393575999944,113.8393575999944,114.02212300000247,v,1,0.16716149999410845,None,,,,,participant 1,001,2025-10-04_21h35.59.108,motor_sequence_learning,,2025.1.1,60.15081011104695,2025-10-04 21h36.10.178468 +0530,
50,c,42,2,10,c,1,0.09067289999802597,None,10,2,42,2,,,,,114.03859449998708,,,,,,,,,114.02259290000075,114.03859449998708,115.02205400000094,115.02205400000094,115.02205400000094,115.02205400000094,115.03837999998359,116.02202539998689,116.02202539998689,116.12244159998954,c,1,0.09067289999802597,None,,,,,participant 1,001,2025-10-04_21h35.59.108,motor_sequence_learning,,2025.1.1,60.15081011104695,2025-10-04 21h36.10.178468 +0530,
-150,z,43,3,10,z,1,0.16723299998557195,None,10,3,43,3,,,,,116.13827639998635,,,,,,,,,116.12296359997708,116.13827639998635,117.13829449997866,117.13829449997866,117.13829449997866,117.13829449997866,117.13829449997866,118.1216794999782,118.1216794999782,118.30537200000254,z,1,0.16723299998557195,None,,,,,participant 1,001,2025-10-04_21h35.59.108,motor_sequence_learning,,2025.1.1,60.15081011104695,2025-10-04 21h36.10.178468 +0530,
-50,x,44,0,11,x,1,0.254639099992346,None,11,0,44,0,,,,,118.3218464999809,,,,,,,,,118.30584319998161,118.3218464999809,119.30534229998011,119.30534229998011,119.30534229998011,119.30534229998011,119.32191989998682,120.30497579998337,120.30497579998337,120.57252659997903,x,1,0.254639099992346,None,,,,,participant 1,001,2025-10-04_21h35.59.108,motor_sequence_learning,,2025.1.1,60.15081011104695,2025-10-04 21h36.10.178468 +0530,
150,v,45,1,11,v,1,0.2441728999838233,None,11,1,45,1,,,,,120.58811349997995,,,,,,,,,120.57304109999677,120.58811349997995,121.57216759998119,121.57216759998119,121.57216759998119,121.57216759998119,121.5883425999782,122.58749019997776,122.58749019997776,122.83914649998769,v,1,0.2441728999838233,None,,,,,participant 1,001,2025-10-04_21h35.59.108,motor_sequence_learning,,2025.1.1,60.15081011104695,2025-10-04 21h36.10.178468 +0530,
50,c,46,2,11,c,1,0.29379809999954887,None,11,2,46,2,,,,,122.8549543999834,,,,,,,,,122.83965909999097,122.8549543999834,123.83842119999463,123.83842119999463,123.83842119999463,123.83842119999463,123.85509699999238,124.8384328999964,124.8384328999964,125.13926349999383,c,1,0.29379809999954887,None,,,,,participant 1,001,2025-10-04_21h35.59.108,motor_sequence_learning,,2025.1.1,60.15081011104695,2025-10-04 21h36.10.178468 +0530,
-150,z,47,3,11,z,1,0.28783729998394847,None,11,3,47,3,,,,,125.15450449998025,,,,,,,,,125.13978070000303,125.15450449998025,126.1382936000009,126.1382936000009,126.1382936000009,126.1382936000009,126.1550631999853,127.13830829999642,127.13830829999642,127.43921309997677,z,1,0.28783729998394847,None,,,,,participant 1,001,2025-10-04_21h35.59.108,motor_sequence_learning,,2025.1.1,60.15081011104695,2025-10-04 21h36.10.178468 +0530,
-50,x,48,0,12,x,1,0.18610970000736415,None,12,0,48,0,,,,,127.45471389999148,,,,,,,,,127.43972679998842,127.45471389999148,128.43859499998507,128.43859499998507,128.43859499998507,128.43859499998507,128.45538390000002,129.43831639998825,129.43831639998825,129.6389680999855,x,1,0.18610970000736415,None,,,,,participant 1,001,2025-10-04_21h35.59.108,motor_sequence_learning,,2025.1.1,60.15081011104695,2025-10-04 21h36.10.178468 +0530,
150,v,49,1,12,v,1,0.06646190001629293,None,12,1,49,1,,,,,129.65480609997758,,,,,,,,,129.6394963999919,129.65480609997758,130.6382612999878,130.6382612999878,130.6382612999878,130.6382612999878,130.6549238000007,131.63831189999473,131.63831189999473,131.70621489998302,v,1,0.06646190001629293,None,,,,,participant 1,001,2025-10-04_21h35.59.108,motor_sequence_learning,,2025.1.1,60.15081011104695,2025-10-04 21h36.10.178468 +0530,
50,c,50,2,12,c,1,0.15025180001975968,None,12,2,50,2,,,,,131.7214606999769,,,,,,,,,131.7067362999951,131.7214606999769,132.72208119998686,132.72208119998686,132.72208119998686,132.72208119998686,132.72208119998686,133.7205313000013,133.7205313000013,133.8735553000006,c,1,0.15025180001975968,None,,,,,participant 1,001,2025-10-04_21h35.59.108,motor_sequence_learning,,2025.1.1,60.15081011104695,2025-10-04 21h36.10.178468 +0530,
-150,z,51,3,12,z,1,0.06097240000963211,None,12,3,51,3,,,,,133.88790049997624,,,,,,,,,133.8741037999862,133.88790049997624,134.8888676999777,134.8888676999777,134.8888676999777,134.8888676999777,134.8888676999777,135.88755329998094,135.88755329998094,135.9545487999858,z,1,0.06097240000963211,None,,,,,participant 1,001,2025-10-04_21h35.59.108,motor_sequence_learning,,2025.1.1,60.15081011104695,2025-10-04 21h36.10.178468 +0530,
-50,x,52,0,13,x,1,0.022507999994559214,None,13,0,52,0,,,,,135.97072919999482,,,,,,,,,135.95497109999997,135.97072919999482,136.95519539999077,136.95519539999077,136.95519539999077,136.95519539999077,136.9721529999806,137.95496569998795,137.95496569998795,137.98888079999597,x,1,0.022507999994559214,None,,,,,participant 1,001,2025-10-04_21h35.59.108,motor_sequence_learning,,2025.1.1,60.15081011104695,2025-10-04 21h36.10.178468 +0530,
150,v,53,1,13,v,1,0.25646850001066923,None,13,1,53,1,,,,,138.00466129998676,,,,,,,,,137.98939639999298,138.00466129998676,139.00342880000244,139.00342880000244,139.00342880000244,139.00342880000244,139.00342880000244,139.9885034999752,139.9885034999752,140.25551200000336,v,1,0.25646850001066923,None,,,,,participant 1,001,2025-10-04_21h35.59.108,motor_sequence_learning,,2025.1.1,60.15081011104695,2025-10-04 21h36.10.178468 +0530,
50,c,54,2,13,c,1,0.24851479998324066,None,13,2,54,2,,,,,140.27156399999512,,,,,,,,,140.25606240000343,140.27156399999512,141.25507139999536,141.25507139999536,141.25507139999536,141.25507139999536,141.27176679999684,142.25496229997952,142.25496229997952,142.50635959999636,c,1,0.24851479998324066,None,,,,,participant 1,001,2025-10-04_21h35.59.108,motor_sequence_learning,,2025.1.1,60.15081011104695,2025-10-04 21h36.10.178468 +0530,
-150,z,55,3,13,z,1,0.12762449998990633,None,13,3,55,3,,,,,142.5215078999754,,,,,,,,,142.50688689999515,142.5215078999754,143.52171839997754,143.52171839997754,143.52171839997754,143.52171839997754,143.52171839997754,144.52022009997745,144.52022009997745,144.65529110000352,z,1,0.12762449998990633,None,,,,,participant 1,001,2025-10-04_21h35.59.108,motor_sequence_learning,,2025.1.1,60.15081011104695,2025-10-04 21h36.10.178468 +0530,
-50,x,56,0,14,x,1,0.31958689997554757,None,14,0,56,0,,,,,144.6715088999772,,,,,,,,,144.65579649998108,144.6715088999772,145.6549543000001,145.6549543000001,145.6549543000001,145.6549543000001,145.67172899999423,146.65520409998135,146.65520409998135,146.98903419999988,x,1,0.31958689997554757,None,,,,,participant 1,001,2025-10-04_21h35.59.108,motor_sequence_learning,,2025.1.1,60.15081011104695,2025-10-04 21h36.10.178468 +0530,
150,v,57,1,14,v,1,0.2581255999975838,None,14,1,57,1,,,,,147.0047341999889,,,,,,,,,146.98962359997677,147.0047341999889,147.98816969999461,147.98816969999461,147.98816969999461,147.98816969999461,148.00504349998664,148.98834379998152,148.98834379998152,149.25595649998286,v,1,0.2581255999975838,None,,,,,participant 1,001,2025-10-04_21h35.59.108,motor_sequence_learning,,2025.1.1,60.15081011104695,2025-10-04 21h36.10.178468 +0530,
50,c,58,2,14,c,1,0.31299229999422096,None,14,2,58,2,,,,,149.271840100002,,,,,,,,,149.2566200000001,149.271840100002,150.27117999998154,150.27117999998154,150.27117999998154,150.27117999998154,150.27117999998154,151.27164150000317,151.27164150000317,151.58921819998068,c,1,0.31299229999422096,None,,,,,participant 1,001,2025-10-04_21h35.59.108,motor_sequence_learning,,2025.1.1,60.15081011104695,2025-10-04 21h36.10.178468 +0530,
-150,z,59,3,14,z,1,0.3395907999947667,None,14,3,59,3,,,,,151.6045799999847,,,,,,,,,151.58972979997634,151.6045799999847,152.58839449999505,152.58839449999505,152.58839449999505,152.58839449999505,152.60481819999404,153.58817279999494,153.58817279999494,153.93740599998273,z,1,0.3395907999947667,None,,,,,participant 1,001,2025-10-04_21h35.59.108,motor_sequence_learning,,2025.1.1,60.15081011104695,2025-10-04 21h36.10.178468 +0530,
-50,x,60,0,15,x,1,0.737662100000307,None,15,0,60,0,,,,,153.95367359998636,,,,,,,,,153.93773249999504,153.95367359998636,154.9385547999991,154.9385547999991,154.9385547999991,154.9385547999991,154.95482179999817,155.93703879998066,155.93703879998066,156.68897459999425,x,1,0.737662100000307,None,,,,,participant 1,001,2025-10-04_21h35.59.108,motor_sequence_learning,,2025.1.1,60.15081011104695,2025-10-04 21h36.10.178468 +0530,
150,v,61,1,15,v,1,0.351539800001774,None,15,1,61,1,,,,,156.7047268000024,,,,,,,,,156.68948449997697,156.7047268000024,157.68824479999603,157.68824479999603,157.68824479999603,157.68824479999603,157.70488989999285,158.70452529998147,158.70452529998147,159.0720200999931,v,1,0.351539800001774,None,,,,,participant 1,001,2025-10-04_21h35.59.108,motor_sequence_learning,,2025.1.1,60.15081011104695,2025-10-04 21h36.10.178468 +0530,
50,c,62,2,15,c,1,0.325872099987464,None,15,2,62,2,,,,,159.088294199988,,,,,,,,,159.07249890000094,159.088294199988,160.0717807999754,160.0717807999754,160.0717807999754,160.0717807999754,160.0883099999919,161.070922599989,161.070922599989,161.40376939999987,c,1,0.325872099987464,None,,,,,participant 1,001,2025-10-04_21h35.59.108,motor_sequence_learning,,2025.1.1,60.15081011104695,2025-10-04 21h36.10.178468 +0530,
-150,z,63,3,15,z,1,0.30542719998629764,None,15,3,63,3,,,,,161.4201109999849,,,,,,,,,161.4040241999901,161.4201109999849,162.4047728999867,162.4047728999867,162.4047728999867,162.4047728999867,162.42125519999536,163.4051014999859,163.4051014999859,163.72122459998354,z,1,0.30542719998629764,None,,,,,participant 1,001,2025-10-04_21h35.59.108,motor_sequence_learning,,2025.1.1,60.15081011104695,2025-10-04 21h36.10.178468 +0530,
-50,x,64,0,16,x,1,0.2804286999744363,None,16,0,64,0,,,,,163.73742130000028,,,,,,,,,163.72159839997767,163.73742130000028,164.72070049998,164.72070049998,164.72070049998,164.72070049998,164.73787979999906,165.72065979999024,165.72065979999024,166.00448949998827,x,1,0.2804286999744363,None,,,,,participant 1,001,2025-10-04_21h35.59.108,motor_sequence_learning,,2025.1.1,60.15081011104695,2025-10-04 21h36.10.178468 +0530,
150,v,65,1,16,v,1,0.2603932999772951,None,16,1,65,1,,,,,166.02076699997997,,,,,,,,,166.00486399998772,166.02076699997997,167.02034019998973,167.02034019998973,167.02034019998973,167.02034019998973,167.02034019998973,168.00462389999302,168.00462389999302,168.2723536999838,v,1,0.2603932999772951,None,,,,,participant 1,001,2025-10-04_21h35.59.108,motor_sequence_learning,,2025.1.1,60.15081011104695,2025-10-04 21h36.10.178468 +0530,
50,c,66,2,16,c,1,0.1324943999934476,None,16,2,66,2,,,,,168.28801299998304,,,,,,,,,168.2728586999874,168.28801299998304,169.27171169998473,169.27171169998473,169.27171169998473,169.27171169998473,169.2885963000008,170.28818319999846,170.28818319999846,170.42360179999378,c,1,0.1324943999934476,None,,,,,participant 1,001,2025-10-04_21h35.59.108,motor_sequence_learning,,2025.1.1,60.15081011104695,2025-10-04 21h36.10.178468 +0530,
-150,z,67,3,16,z,1,0.20234389998950064,None,16,3,67,3,,,,,170.43762889999198,,,,,,,,,170.42414190000272,170.43762889999198,171.43803439999465,171.43803439999465,171.43803439999465,171.43803439999465,171.43803439999465,172.43711729999632,172.43711729999632,172.65486809998401,z,1,0.20234389998950064,None,,,,,participant 1,001,2025-10-04_21h35.59.108,motor_sequence_learning,,2025.1.1,60.15081011104695,2025-10-04 21h36.10.178468 +0530,
-50,x,68,0,17,x,1,0.14429739999468438,None,17,0,68,0,,,,,172.67165360000217,,,,,,,,,172.6554336999834,172.67165360000217,173.6547431999934,173.6547431999934,173.6547431999934,173.6547431999934,173.67158609998296,174.65468089998467,174.65468089998467,174.8055099999765,x,1,0.14429739999468438,None,,,,,participant 1,001,2025-10-04_21h35.59.108,motor_sequence_learning,,2025.1.1,60.15081011104695,2025-10-04 21h36.10.178468 +0530,
150,v,69,1,17,v,1,0.12568589998409152,None,17,1,69,1,,,,,174.8213719999767,,,,,,,,,174.8060113999818,174.8213719999767,175.80479239998385,175.80479239998385,175.80479239998385,175.80479239998385,175.8217289999884,176.80476549998275,176.80476549998275,176.93917219998548,v,1,0.12568589998409152,None,,,,,participant 1,001,2025-10-04_21h35.59.108,motor_sequence_learning,,2025.1.1,60.15081011104695,2025-10-04 21h36.10.178468 +0530,
50,c,70,2,17,c,1,0.2419512000051327,None,17,2,70,2,,,,,176.95461429998977,,,,,,,,,176.93969289999222,176.95461429998977,177.93821870000102,177.93821870000102,177.93821870000102,177.93821870000102,177.95448479999322,178.95373139998992,178.95373139998992,179.2055318999919,c,1,0.2419512000051327,None,,,,,participant 1,001,2025-10-04_21h35.59.108,motor_sequence_learning,,2025.1.1,60.15081011104695,2025-10-04 21h36.10.178468 +0530,
-150,z,71,3,17,z,1,0.2140242000168655,None,17,3,71,3,,,,,179.22099819997675,,,,,,,,,179.20618949999334,179.22099819997675,180.22060979998787,180.22060979998787,180.22060979998787,180.22060979998787,180.22060979998787,181.22092179997708,181.22092179997708,181.43906869998318,z,1,0.2140242000168655,None,,,,,participant 1,001,2025-10-04_21h35.59.108,motor_sequence_learning,,2025.1.1,60.15081011104695,2025-10-04 21h36.10.178468 +0530,
-50,x,72,0,18,x,1,0.11560889999964274,None,18,0,72,0,,,,,181.45454829998198,,,,,,,,,181.43958340000245,181.45454829998198,182.43811560000177,182.43811560000177,182.43811560000177,182.43811560000177,182.4547538999759,183.45436159998644,183.45436159998644,183.57247970000026,x,1,0.11560889999964274,None,,,,,participant 1,001,2025-10-04_21h35.59.108,motor_sequence_learning,,2025.1.1,60.15081011104695,2025-10-04 21h36.10.178468 +0530,
150,v,73,1,18,v,1,0.26288739999290556,None,18,1,73,1,,,,,183.58739380000043,,,,,,,,,183.5732417999825,183.58739380000043,184.5717243999825,184.5717243999825,184.5717243999825,184.5717243999825,184.5885412999778,185.5882623999787,185.5882623999787,185.85551159997704,v,1,0.26288739999290556,None,,,,,participant 1,001,2025-10-04_21h35.59.108,motor_sequence_learning,,2025.1.1,60.15081011104695,2025-10-04 21h36.10.178468 +0530,
50,c,74,2,18,c,1,0.20359070002450608,None,18,2,74,2,,,,,185.87112949998118,,,,,,,,,185.85603419999825,185.87112949998118,186.8548658999789,186.8548658999789,186.8548658999789,186.8548658999789,186.87157869999646,187.87100409998675,187.87100409998675,188.0884900999954,c,1,0.20359070002450608,None,,,,,participant 1,001,2025-10-04_21h35.59.108,motor_sequence_learning,,2025.1.1,60.15081011104695,2025-10-04 21h36.10.178468 +0530,
-150,z,75,3,18,z,1,0.1342032999964431,None,18,3,75,3,,,,,188.10425329999998,,,,,,,,,188.08908809997956,188.10425329999998,189.10503969999263,189.10503969999263,189.10503969999263,189.10503969999263,189.10503969999263,190.0880434999999,190.0880434999999,190.23850769997807,z,1,0.1342032999964431,None,,,,,participant 1,001,2025-10-04_21h35.59.108,motor_sequence_learning,,2025.1.1,60.15081011104695,2025-10-04 21h36.10.178468 +0530,
-50,x,76,0,19,x,1,0.0964308999828063,None,19,0,76,0,,,,,190.25478449999355,,,,,,,,,190.23903509997763,190.25478449999355,191.23818970000139,191.23818970000139,191.23818970000139,191.23818970000139,191.25494799998705,192.23811419997946,192.23811419997946,192.33898369999952,x,1,0.0964308999828063,None,,,,,participant 1,001,2025-10-04_21h35.59.108,motor_sequence_learning,,2025.1.1,60.15081011104695,2025-10-04 21h36.10.178468 +0530,
150,v,77,1,19,v,1,0.19216569999116473,None,19,1,77,1,,,,,192.35442989997682,,,,,,,,,192.33945369999856,192.35442989997682,193.3549124999845,193.3549124999845,193.3549124999845,193.3549124999845,193.3549124999845,194.35459949998767,194.35459949998767,194.55500949997804,v,1,0.19216569999116473,None,,,,,participant 1,001,2025-10-04_21h35.59.108,motor_sequence_learning,,2025.1.1,60.15081011104695,2025-10-04 21h36.10.178468 +0530,
50,c,78,2,19,c,1,0.08532350001041777,None,19,2,78,2,,,,,194.5709244000027,,,,,,,,,194.55547309998656,194.5709244000027,195.55472049998934,195.55472049998934,195.55472049998934,195.55472049998934,195.57146829998237,196.55453399999533,196.55453399999533,196.65494979999494,c,1,0.08532350001041777,None,,,,,participant 1,001,2025-10-04_21h35.59.108,motor_sequence_learning,,2025.1.1,60.15081011104695,2025-10-04 21h36.10.178468 +0530,
-150,z,79,3,19,z,1,0.17671729999710806,None,19,3,79,3,,,,,196.67158880000352,,,,,,,,,196.65544750000117,196.67158880000352,197.65488809999079,197.65488809999079,197.65488809999079,197.65488809999079,197.67148879999877,198.65468189999228,198.65468189999228,198.83872020000126,z,1,0.17671729999710806,None,,,,,participant 1,001,2025-10-04_21h35.59.108,motor_sequence_learning,,2025.1.1,60.15081011104695,2025-10-04 21h36.10.178468 +0530,
-50,x,80,0,20,x,1,0.2483862999943085,None,20,0,80,0,,,,,198.85452679998707,,,,,,,,,198.83921769997687,198.85452679998707,199.83760869997786,199.83760869997786,199.83760869997786,199.83760869997786,199.8548353999795,200.85519740000018,200.85519740000018,201.1053111999936,x,1,0.2483862999943085,None,,,,,participant 1,001,2025-10-04_21h35.59.108,motor_sequence_learning,,2025.1.1,60.15081011104695,2025-10-04 21h36.10.178468 +0530,
150,v,81,1,20,v,1,0.21507470001233742,None,20,1,81,1,,,,,201.12117749999743,,,,,,,,,201.10581089998595,201.12117749999743,202.10468129999936,202.10468129999936,202.10468129999936,202.10468129999936,202.12161419997574,203.1215022999968,203.1215022999968,203.3388633999857,v,1,0.21507470001233742,None,,,,,participant 1,001,2025-10-04_21h35.59.108,motor_sequence_learning,,2025.1.1,60.15081011104695,2025-10-04 21h36.10.178468 +0530,
50,c,82,2,20,c,1,0.2651178000087384,None,20,2,82,2,,,,,203.3545238999941,,,,,,,,,203.3393751999829,203.3545238999941,204.3379935999983,204.3379935999983,204.3379935999983,204.3379935999983,204.35468719998607,205.33827239999664,205.33827239999664,205.60476119999657,c,1,0.2651178000087384,None,,,,,participant 1,001,2025-10-04_21h35.59.108,motor_sequence_learning,,2025.1.1,60.15081011104695,2025-10-04 21h36.10.178468 +0530,
-150,z,83,3,20,z,1,0.2448976000014227,None,20,3,83,3,,,,,205.62073199998122,,,,,,,,,205.60530139997718,205.62073199998122,206.60469919999014,206.60469919999014,206.60469919999014,206.60469919999014,206.62141779999365,207.60455199997523,207.60455199997523,207.85543480000342,z,1,0.2448976000014227,None,,,,,participant 1,001,2025-10-04_21h35.59.108,motor_sequence_learning,,2025.1.1,60.15081011104695,2025-10-04 21h36.10.178468 +0530,
-50,x,84,0,21,x,1,0.2536173999833409,None,21,0,84,0,,,,,207.8714605999994,,,,,,,,,207.85598149997531,207.8714605999994,208.8547282999789,208.8547282999789,208.8547282999789,208.8547282999789,208.87144319998333,209.8548035999993,209.8548035999993,210.12193749999278,x,1,0.2536173999833409,None,,,,,participant 1,001,2025-10-04_21h35.59.108,motor_sequence_learning,,2025.1.1,60.15081011104695,2025-10-04 21h36.10.178468 +0530,
150,v,85,1,21,v,1,0.306520600017393,None,21,1,85,1,,,,,210.13779439998325,,,,,,,,,210.12244879998616,210.13779439998325,211.13646119998884,211.13646119998884,211.13646119998884,211.13646119998884,211.13646119998884,212.12151489997632,212.12151489997632,212.43841740000062,v,1,0.306520600017393,None,,,,,participant 1,001,2025-10-04_21h35.59.108,motor_sequence_learning,,2025.1.1,60.15081011104695,2025-10-04 21h36.10.178468 +0530,
50,c,86,2,21,c,1,0.3450328000180889,None,21,2,86,2,,,,,212.45425290000276,,,,,,,,,212.43889339998714,212.45425290000276,213.43824709998444,213.43824709998444,213.43824709998444,213.43824709998444,213.4546144999913,214.4379177999799,214.4379177999799,214.78853689998505,c,1,0.3450328000180889,None,,,,,participant 1,001,2025-10-04_21h35.59.108,motor_sequence_learning,,2025.1.1,60.15081011104695,2025-10-04 21h36.10.178468 +0530,
-150,z,87,3,21,z,1,0.25989950000075623,None,21,3,87,3,,,,,214.8043309999921,,,,,,,,,214.78912209998816,214.8043309999921,215.78836409997893,215.78836409997893,215.78836409997893,215.78836409997893,215.8048559000017,216.8040914000012,216.8040914000012,217.070667699998,z,1,0.25989950000075623,None,,,,,participant 1,001,2025-10-04_21h35.59.108,motor_sequence_learning,,2025.1.1,60.15081011104695,2025-10-04 21h36.10.178468 +0530,
-50,x,88,0,22,x,1,0.297776099992916,None,22,0,88,0,,,,,217.08655649999855,,,,,,,,,217.0710107999912,217.08655649999855,218.0712769999809,218.0712769999809,218.0712769999809,218.0712769999809,218.08813560000272,219.07133929998963,219.07133929998963,219.37247849997948,x,1,0.297776099992916,None,,,,,participant 1,001,2025-10-04_21h35.59.108,motor_sequence_learning,,2025.1.1,60.15081011104695,2025-10-04 21h36.10.178468 +0530,
150,v,89,1,22,v,1,0.2622896000102628,None,22,1,89,1,,,,,219.38845259998925,,,,,,,,,219.3729922999919,219.38845259998925,220.3713996000006,220.3713996000006,220.3713996000006,220.3713996000006,220.3884199000022,221.38799069999368,221.38799069999368,221.65507219999563,v,1,0.2622896000102628,None,,,,,participant 1,001,2025-10-04_21h35.59.108,motor_sequence_learning,,2025.1.1,60.15081011104695,2025-10-04 21h36.10.178468 +0530,
50,c,90,2,22,c,1,0.29205129999900237,None,22,2,90,2,,,,,221.6708485999843,,,,,,,,,221.65562499998487,221.6708485999843,222.67059239998343,222.67059239998343,222.67059239998343,222.67059239998343,222.67059239998343,223.67044999997597,223.67044999997597,223.97191389999352,c,1,0.29205129999900237,None,,,,,participant 1,001,2025-10-04_21h35.59.108,motor_sequence_learning,,2025.1.1,60.15081011104695,2025-10-04 21h36.10.178468 +0530,
-150,z,91,3,22,z,1,0.21478139999089763,None,22,3,91,3,,,,,223.988674799999,,,,,,,,,223.97243979998166,223.988674799999,224.98739359999308,224.98739359999308,224.98739359999308,224.98739359999308,225.00404859997798,225.97125949998735,225.97125949998735,226.1888856999867,z,1,0.21478139999089763,None,,,,,participant 1,001,2025-10-04_21h35.59.108,motor_sequence_learning,,2025.1.1,60.15081011104695,2025-10-04 21h36.10.178468 +0530,
-50,x,92,0,23,x,1,0.24749099998734891,None,23,0,92,0,,,,,226.20438589999685,,,,,,,,,226.18941029999405,226.20438589999685,227.1881221999938,227.1881221999938,227.1881221999938,227.1881221999938,227.20451660000253,228.2041917000024,228.2041917000024,228.45530469997902,x,1,0.24749099998734891,None,,,,,participant 1,001,2025-10-04_21h35.59.108,motor_sequence_learning,,2025.1.1,60.15081011104695,2025-10-04 21h36.10.178468 +0530,
150,v,93,1,23,v,1,0.21589880000101402,None,23,1,93,1,,,,,228.47095109999646,,,,,,,,,228.4558004999999,228.47095109999646,229.454868300003,229.454868300003,229.454868300003,229.454868300003,229.471395200002,230.47114569999394,230.47114569999394,230.6877600000007,v,1,0.21589880000101402,None,,,,,participant 1,001,2025-10-04_21h35.59.108,motor_sequence_learning,,2025.1.1,60.15081011104695,2025-10-04 21h36.10.178468 +0530,
50,c,94,2,23,c,1,0.31383790000109,None,23,2,94,2,,,,,230.70405749999918,,,,,,,,,230.68818909997935,230.70405749999918,231.68716819997644,231.68716819997644,231.68716819997644,231.68716819997644,231.7033557999821,232.68771309999283,232.68771309999283,233.005311099987,c,1,0.31383790000109,None,,,,,participant 1,001,2025-10-04_21h35.59.108,motor_sequence_learning,,2025.1.1,60.15081011104695,2025-10-04 21h36.10.178468 +0530,
-150,z,95,3,23,z,1,0.29088439999031834,None,23,3,95,3,,,,,233.02063569999882,,,,,,,,,233.00581079997937,233.02063569999882,234.00444560000324,234.00444560000324,234.00444560000324,234.00444560000324,234.0212222999835,235.02092389998143,235.02092389998143,235.3220444000035,z,1,0.29088439999031834,None,,,,,participant 1,001,2025-10-04_21h35.59.108,motor_sequence_learning,,2025.1.1,60.15081011104695,2025-10-04 21h36.10.178468 +0530,
-50,x,96,0,24,x,1,0.3176470000180416,None,24,0,96,0,,,,,235.33802999998443,,,,,,,,,235.32254639998428,235.33802999998443,236.3211267000006,236.3211267000006,236.3211267000006,236.3211267000006,236.33800009998959,237.32163729998865,237.32163729998865,237.65500869997777,x,1,0.3176470000180416,None,,,,,participant 1,001,2025-10-04_21h35.59.108,motor_sequence_learning,,2025.1.1,60.15081011104695,2025-10-04 21h36.10.178468 +0530,
150,v,97,1,24,v,1,0.33425019998685457,None,24,1,97,1,,,,,237.67111689999,,,,,,,,,237.6555570999917,237.67111689999,238.65462349998415,238.65462349998415,238.65462349998415,238.65462349998415,238.6715334999899,239.6545997999783,239.6545997999783,240.00509659998352,v,1,0.33425019998685457,None,,,,,participant 1,001,2025-10-04_21h35.59.108,motor_sequence_learning,,2025.1.1,60.15081011104695,2025-10-04 21h36.10.178468 +0530,
50,c,98,2,24,c,1,0.3733771999832243,None,24,2,98,2,,,,,240.02085259999149,,,,,,,,,240.0056334999972,240.02085259999149,241.00440489998437,241.00440489998437,241.00440489998437,241.00440489998437,241.0213226999913,242.00466389997746,242.00466389997746,242.38894699999946,c,1,0.3733771999832243,None,,,,,participant 1,001,2025-10-04_21h35.59.108,motor_sequence_learning,,2025.1.1,60.15081011104695,2025-10-04 21h36.10.178468 +0530,
-150,z,99,3,24,z,1,0.24810759999672882,None,24,3,99,3,,,,,242.40476499998476,,,,,,,,,242.38944689999335,242.40476499998476,243.4046221000026,243.4046221000026,243.4046221000026,243.4046221000026,243.4046221000026,244.3880147000018,244.3880147000018,244.6369863,z,1,0.24810759999672882,None,,,,,participant 1,001,2025-10-04_21h35.59.108,motor_sequence_learning,,2025.1.1,60.15081011104695,2025-10-04 21h36.10.178468 +0530,
-50,x,0,0,0,x,1,0.2580262999981642,None,,,,,0,0,0,0,244.6530161999981,,,,,,,,,244.64821039998787,244.6530161999981,245.63834039997892,245.63834039997892,245.63834039997892,245.63834039997892,245.6549698000017,246.6378812000039,246.6378812000039,246.9054921999923,,,,,x,1,0.2580262999981642,None,participant 1,001,2025-10-04_21h35.59.108,motor_sequence_learning,,2025.1.1,60.15081011104695,2025-10-04 21h36.10.178468 +0530,
-150,z,1,1,0,z,1,0.9235088999848813,None,,,,,0,1,1,3,246.92129379999824,,,,,,,,,246.90605099999812,246.92129379999824,247.9048957999912,247.9048957999912,247.9048957999912,247.9048957999912,247.92160739999963,248.904553499975,248.904553499975,249.83858119999059,,,,,z,1,0.9235088999848813,None,participant 1,001,2025-10-04_21h35.59.108,motor_sequence_learning,,2025.1.1,60.15081011104695,2025-10-04 21h36.10.178468 +0530,
-50,x,2,2,1,x,1,0.8895380000176374,None,,,,,1,2,2,0,249.85456389997853,,,,,,,,,249.83908740000334,249.85456389997853,250.83784209997975,250.83784209997975,250.83784209997975,250.83784209997975,250.85479719997966,251.83835929998895,251.83835929998895,252.73834419998457,,,,,x,1,0.8895380000176374,None,participant 1,001,2025-10-04_21h35.59.108,motor_sequence_learning,,2025.1.1,60.15081011104695,2025-10-04 21h36.10.178468 +0530,
50,c,3,3,0,c,1,0.84497950001969,None,,,,,0,3,3,2,252.754400899983,,,,,,,,,252.73892809997778,252.754400899983,253.73787699997774,253.73787699997774,253.73787699997774,253.73787699997774,253.75472989998525,254.73774169999524,254.73774169999524,255.58863640000345,,,,,c,1,0.84497950001969,None,participant 1,001,2025-10-04_21h35.59.108,motor_sequence_learning,,2025.1.1,60.15081011104695,2025-10-04 21h36.10.178468 +0530,
150,v,4,4,0,v,1,0.8875041999854147,None,,,,,0,4,4,1,255.6039414999832,,,,,,,,,255.58923270000378,255.6039414999832,256.58807939998223,256.58807939998223,256.58807939998223,256.58807939998223,256.6046025999822,257.58810339999036,257.58810339999036,258.48805369998445,,,,,v,1,0.8875041999854147,None,participant 1,001,2025-10-04_21h35.59.108,motor_sequence_learning,,2025.1.1,60.15081011104695,2025-10-04 21h36.10.178468 +0530,
-150,z,5,5,1,z,1,0.6673142000217922,None,,,,,1,5,5,3,258.50493509997614,,,,,,,,,258.4885331999976,258.50493509997614,259.50390149999293,259.50390149999293,259.50390149999293,259.50390149999293,259.5204509999894,260.4880584999919,260.4880584999919,261.1701138999779,,,,,z,1,0.6673142000217922,None,participant 1,001,2025-10-04_21h35.59.108,motor_sequence_learning,,2025.1.1,60.15081011104695,2025-10-04 21h36.10.178468 +0530,
-150,z,6,6,2,z,1,1.0020024999976158,None,,,,,2,6,6,3,261.18658919999143,,,,,,,,,261.17043399999966,261.18658919999143,262.1710108999978,262.1710108999978,262.1710108999978,262.1710108999978,262.18801419998636,263.17116420000093,263.17116420000093,264.1885239999974,,,,,z,1,1.0020024999976158,None,participant 1,001,2025-10-04_21h35.59.108,motor_sequence_learning,,2025.1.1,60.15081011104695,2025-10-04 21h36.10.178468 +0530,
-150,z,7,7,3,z,1,0.866772100009257,None,,,,,3,7,7,3,264.2043626999948,,,,,,,,,264.18907549997675,264.2043626999948,265.18774539997685,265.18774539997685,265.18774539997685,265.18774539997685,265.2043127999932,266.18774459999986,266.18774459999986,267.07104609999806,,,,,z,1,0.866772100009257,None,participant 1,001,2025-10-04_21h35.59.108,motor_sequence_learning,,2025.1.1,60.15081011104695,2025-10-04 21h36.10.178468 +0530,
-50,x,8,8,2,x,1,0.7797576999873854,None,,,,,2,8,8,0,267.0866948000039,,,,,,,,,267.07163319998654,267.0866948000039,268.0710430999752,268.0710430999752,268.0710430999752,268.0710430999752,268.08778489998076,269.0709887999983,269.0709887999983,269.8551709000021,,,,,x,1,0.7797576999873854,None,participant 1,001,2025-10-04_21h35.59.108,motor_sequence_learning,,2025.1.1,60.15081011104695,2025-10-04 21h36.10.178468 +0530,
-50,x,9,9,3,x,1,0.7728115000063553,None,,,,,3,9,9,0,269.87126669997815,,,,,,,,,269.8556869000022,269.87126669997815,270.85440839998773,270.85440839998773,270.85440839998773,270.85440839998773,270.8709379999782,271.85441269999137,271.85441269999137,272.6365834999888,,,,,x,1,0.7728115000063553,None,participant 1,001,2025-10-04_21h35.59.108,motor_sequence_learning,,2025.1.1,60.15081011104695,2025-10-04 21h36.10.178468 +0530,
150,v,10,10,1,v,1,0.628630899998825,None,,,,,1,10,10,1,272.65294899998116,,,,,,,,,272.63687619997654,272.65294899998116,273.6388648999855,273.6388648999855,273.6388648999855,273.6388648999855,273.6543638999865,274.6380997999804,274.6380997999804,275.27138900000136,,,,,v,1,0.628630899998825,None,participant 1,001,2025-10-04_21h35.59.108,motor_sequence_learning,,2025.1.1,60.15081011104695,2025-10-04 21h36.10.178468 +0530,
-150,z,11,11,4,z,1,0.4823980999935884,None,,,,,4,11,11,3,275.2876842999831,,,,,,,,,275.2719327999803,275.2876842999831,276.27153489997727,276.27153489997727,276.27153489997727,276.27153489997727,276.28795969998464,277.2708338999946,277.2708338999946,277.75553219998255,,,,,z,1,0.4823980999935884,None,participant 1,001,2025-10-04_21h35.59.108,motor_sequence_learning,,2025.1.1,60.15081011104695,2025-10-04 21h36.10.178468 +0530,
50,c,12,12,1,c,1,0.7062093999993522,None,,,,,1,12,12,2,277.77080089997617,,,,,,,,,277.7560620000004,277.77080089997617,278.77119649999077,278.77119649999077,278.77119649999077,278.77119649999077,278.77119649999077,279.77121979999356,279.77121979999356,280.4886741999944,,,,,c,1,0.7062093999993522,None,participant 1,001,2025-10-04_21h35.59.108,motor_sequence_learning,,2025.1.1,60.15081011104695,2025-10-04 21h36.10.178468 +0530,
150,v,13,13,2,v,1,0.9042170000029728,None,,,,,2,13,13,1,280.5046013999963,,,,,,,,,280.4893036999856,280.5046013999963,281.4877521999879,281.4877521999879,281.4877521999879,281.4877521999879,281.50452009998844,282.4877725999977,282.4877725999977,283.40315859997645,,,,,v,1,0.9042170000029728,None,participant 1,001,2025-10-04_21h35.59.108,motor_sequence_learning,,2025.1.1,60.15081011104695,2025-10-04 21h36.10.178468 +0530,
-50,x,14,14,4,x,1,0.5120672000048216,None,,,,,4,14,14,0,283.4196644999902,,,,,,,,,283.403496599989,283.4196644999902,284.4041415999818,284.4041415999818,284.4041415999818,284.4041415999818,284.42069869997795,285.40441649997956,285.40441649997956,285.921897799999,,,,,x,1,0.5120672000048216,None,participant 1,001,2025-10-04_21h35.59.108,motor_sequence_learning,,2025.1.1,60.15081011104695,2025-10-04 21h36.10.178468 +0530,
-150,z,15,15,5,z,1,0.6334867000114173,None,,,,,5,15,15,3,285.93747609999264,,,,,,,,,285.92240680000396,285.93747609999264,286.92099240000243,286.92099240000243,286.92099240000243,286.92099240000243,286.937649599975,287.9366983999789,287.9366983999789,288.57146529998863,,,,,z,1,0.6334867000114173,None,participant 1,001,2025-10-04_21h35.59.108,motor_sequence_learning,,2025.1.1,60.15081011104695,2025-10-04 21h36.10.178468 +0530,
-150,z,16,16,6,z,1,0.6883739000186324,None,,,,,6,16,16,3,288.58796289999736,,,,,,,,,288.57199440000113,288.58796289999736,289.57083909999346,289.57083909999346,289.57083909999346,289.57083909999346,289.5876056999841,290.5708839999861,290.5708839999861,291.2715846999781,,,,,z,1,0.6883739000186324,None,participant 1,001,2025-10-04_21h35.59.108,motor_sequence_learning,,2025.1.1,60.15081011104695,2025-10-04 21h36.10.178468 +0530,
150,v,17,17,3,v,1,0.8367509999952745,None,,,,,3,17,17,1,291.2874241999816,,,,,,,,,291.27211939997505,291.2874241999816,292.2710035999771,292.2710035999771,292.2710035999771,292.2710035999771,292.28761790000135,293.271253599989,293.271253599989,294.12159889997565,,,,,v,1,0.8367509999952745,None,participant 1,001,2025-10-04_21h35.59.108,motor_sequence_learning,,2025.1.1,60.15081011104695,2025-10-04 21h36.10.178468 +0530,
150,v,18,18,4,v,1,0.7595652999880258,None,,,,,4,18,18,1,294.1376987999829,,,,,,,,,294.1221071999753,294.1376987999829,295.12103409998235,295.12103409998235,295.12103409998235,295.12103409998235,295.13769449997926,296.12145069998223,296.12145069998223,296.888323399995,,,,,v,1,0.7595652999880258,None,participant 1,001,2025-10-04_21h35.59.108,motor_sequence_learning,,2025.1.1,60.15081011104695,2025-10-04 21h36.10.178468 +0530,
150,v,19,19,5,v,1,0.7176767000055406,None,,,,,5,19,19,1,296.90417259998503,,,,,,,,,296.88888389998465,296.90417259998503,297.88766349997604,297.88766349997604,297.88766349997604,297.88766349997604,297.904255499976,298.8876392999955,298.8876392999955,299.6215486000001,,,,,v,1,0.7176767000055406,None,participant 1,001,2025-10-04_21h35.59.108,motor_sequence_learning,,2025.1.1,60.15081011104695,2025-10-04 21h36.10.178468 +0530,
-50,x,20,20,5,x,1,0.6575973000144586,None,,,,,5,20,20,0,299.6375861999986,,,,,,,,,299.6221236999845,299.6375861999986,300.6211301999865,300.6211301999865,300.6211301999865,300.6211301999865,300.6375549999939,301.6211407999799,301.6211407999799,302.28830769998604,,,,,x,1,0.6575973000144586,None,participant 1,001,2025-10-04_21h35.59.108,motor_sequence_learning,,2025.1.1,60.15081011104695,2025-10-04 21h36.10.178468 +0530,
50,c,21,21,2,c,1,0.615970799990464,None,,,,,2,21,21,2,302.30403820000356,,,,,,,,,302.28886339999735,302.30403820000356,303.2879163999751,303.2879163999751,303.2879163999751,303.2879163999751,303.30447809997713,304.28753099997994,304.28753099997994,304.90484289999586,,,,,c,1,0.615970799990464,None,participant 1,001,2025-10-04_21h35.59.108,motor_sequence_learning,,2025.1.1,60.15081011104695,2025-10-04 21h36.10.178468 +0530,
50,c,22,22,3,c,1,0.5102289000060409,None,,,,,3,22,22,2,304.92080120000173,,,,,,,,,304.9053496999841,304.92080120000173,305.9197966999782,305.9197966999782,305.9197966999782,305.9197966999782,305.9197966999782,306.90438009999343,306.90438009999343,307.42155459997593,,,,,c,1,0.5102289000060409,None,participant 1,001,2025-10-04_21h35.59.108,motor_sequence_learning,,2025.1.1,60.15081011104695,2025-10-04 21h36.10.178468 +0530,
50,c,23,23,4,c,1,0.5391251999826636,None,,,,,4,23,23,2,307.43765019997954,,,,,,,,,307.42208439999376,307.43765019997954,308.4208396000031,308.4208396000031,308.4208396000031,308.4208396000031,308.4377346999827,309.42072169997846,309.42072169997846,309.9713561999961,,,,,c,1,0.5391251999826636,None,participant 1,001,2025-10-04_21h35.59.108,motor_sequence_learning,,2025.1.1,60.15081011104695,2025-10-04 21h36.10.178468 +0530,
-150,z,24,24,7,z,1,0.7339592000062112,None,,,,,7,24,24,3,309.98750679998193,,,,,,,,,309.9718898999854,309.98750679998193,310.9709905999771,310.9709905999771,310.9709905999771,310.9709905999771,310.9876726999937,311.9707534999761,311.9707534999761,312.72157439999864,,,,,z,1,0.7339592000062112,None,participant 1,001,2025-10-04_21h35.59.108,motor_sequence_learning,,2025.1.1,60.15081011104695,2025-10-04 21h36.10.178468 +0530,
-50,x,25,25,6,x,1,0.5582186999963596,None,,,,,6,25,25,0,312.7375020000036,,,,,,,,,312.7221050999942,312.7375020000036,313.720373499993,313.720373499993,313.720373499993,313.720373499993,313.7376600999851,314.7376538999961,314.7376538999961,315.3052951999998,,,,,x,1,0.5582186999963596,None,participant 1,001,2025-10-04_21h35.59.108,motor_sequence_learning,,2025.1.1,60.15081011104695,2025-10-04 21h36.10.178468 +0530,
-50,x,26,26,7,x,1,0.4294653999968432,None,,,,,7,26,26,0,315.32076669999515,,,,,,,,,315.3058108999976,315.32076669999515,316.32115370000247,316.32115370000247,316.32115370000247,316.32115370000247,316.32115370000247,317.32094989999314,317.32094989999314,317.75512679998064,,,,,x,1,0.4294653999968432,None,participant 1,001,2025-10-04_21h35.59.108,motor_sequence_learning,,2025.1.1,60.15081011104695,2025-10-04 21h36.10.178468 +0530,
50,c,27,27,5,c,1,0.6869699000089895,None,,,,,5,27,27,2,317.7709554999892,,,,,,,,,317.75567809998756,317.7709554999892,318.7542154999974,318.7542154999974,318.7542154999974,318.7542154999974,318.7709560999938,319.754203199991,319.754203199991,320.4551093999762,,,,,c,1,0.6869699000089895,None,participant 1,001,2025-10-04_21h35.59.108,motor_sequence_learning,,2025.1.1,60.15081011104695,2025-10-04 21h36.10.178468 +0530,
150,v,28,28,6,v,1,0.39924270001938567,None,,,,,6,28,28,1,320.4707944999973,,,,,,,,,320.4556340999843,320.4707944999973,321.4711488999892,321.4711488999892,321.4711488999892,321.4711488999892,321.4711488999892,322.4710267999908,322.4710267999908,322.8714908999973,,,,,v,1,0.39924270001938567,None,participant 1,001,2025-10-04_21h35.59.108,motor_sequence_learning,,2025.1.1,60.15081011104695,2025-10-04 21h36.10.178468 +0530,
-50,x,29,29,8,x,1,0.6418400999973528,None,,,,,8,29,29,0,322.8876312999928,,,,,,,,,322.8720719999983,322.8876312999928,323.8709288999962,323.8709288999962,323.8709288999962,323.8709288999962,323.8876084999938,324.87075109998113,324.87075109998113,325.52142219999223,,,,,x,1,0.6418400999973528,None,participant 1,001,2025-10-04_21h35.59.108,motor_sequence_learning,,2025.1.1,60.15081011104695,2025-10-04 21h36.10.178468 +0530,
-150,z,30,30,8,z,1,0.5486948000034317,None,,,,,8,30,30,3,325.53737499998533,,,,,,,,,325.5219565999869,325.53737499998533,326.5209319999849,326.5209319999849,326.5209319999849,326.5209319999849,326.5376529999776,327.5210126999882,327.5210126999882,328.07112889998825,,,,,z,1,0.5486948000034317,None,participant 1,001,2025-10-04_21h35.59.108,motor_sequence_learning,,2025.1.1,60.15081011104695,2025-10-04 21h36.10.178468 +0530,
-150,z,31,31,9,z,1,0.48005250000278465,None,,,,,9,31,31,3,328.08639939999557,,,,,,,,,328.07190609999816,328.08639939999557,329.0707395999925,329.0707395999925,329.0707395999925,329.0707395999925,329.0874959999928,330.0708581999934,330.0708581999934,330.5550900999806,,,,,z,1,0.48005250000278465,None,participant 1,001,2025-10-04_21h35.59.108,motor_sequence_learning,,2025.1.1,60.15081011104695,2025-10-04 21h36.10.178468 +0530,
50,c,32,32,6,c,1,0.4460263999935705,None,,,,,6,32,32,2,330.5706568000023,,,,,,,,,330.5556397999753,330.5706568000023,331.5544357000035,331.5544357000035,331.5544357000035,331.5544357000035,331.5708788999764,332.57065829998464,332.57065829998464,333.021305799979,,,,,c,1,0.4460263999935705,None,participant 1,001,2025-10-04_21h35.59.108,motor_sequence_learning,,2025.1.1,60.15081011104695,2025-10-04 21h36.10.178468 +0530,
-150,z,33,33,10,z,1,0.6170374999928754,None,,,,,10,33,33,3,333.03736489999574,,,,,,,,,333.02184719999786,333.03736489999574,334.02068659997894,334.02068659997894,334.02068659997894,334.02068659997894,334.03749059999245,335.02109309998923,335.02109309998923,335.6545125999837,,,,,z,1,0.6170374999928754,None,participant 1,001,2025-10-04_21h35.59.108,motor_sequence_learning,,2025.1.1,60.15081011104695,2025-10-04 21h36.10.178468 +0530,
150,v,34,34,7,v,1,0.7634184000198729,None,,,,,7,34,34,1,335.67097499998636,,,,,,,,,335.65519479999784,335.67097499998636,336.6540319999913,336.6540319999913,336.6540319999913,336.6540319999913,336.67050959999324,337.6540046999871,337.6540046999871,338.42001390000223,,,,,v,1,0.7634184000198729,None,participant 1,001,2025-10-04_21h35.59.108,motor_sequence_learning,,2025.1.1,60.15081011104695,2025-10-04 21h36.10.178468 +0530,
-150,z,35,35,11,z,1,0.5326939999940805,None,,,,,11,35,35,3,338.4362699999765,,,,,,,,,338.42035099997884,338.4362699999765,339.4207606999844,339.4207606999844,339.4207606999844,339.4207606999844,339.4374448999879,340.4193313999858,340.4193313999858,340.95377510000253,,,,,z,1,0.5326939999940805,None,participant 1,001,2025-10-04_21h35.59.108,motor_sequence_learning,,2025.1.1,60.15081011104695,2025-10-04 21h36.10.178468 +0530,
50,c,36,36,7,c,1,1.1938782000215724,None,,,,,7,36,36,2,340.96990589998313,,,,,,,,,340.95419550000224,340.96990589998313,341.95258779998403,341.95258779998403,341.95258779998403,341.95258779998403,341.9698210999777,342.952802099986,342.952802099986,344.1550897999841,,,,,c,1,1.1938782000215724,None,participant 1,001,2025-10-04_21h35.59.108,motor_sequence_learning,,2025.1.1,60.15081011104695,2025-10-04 21h36.10.178468 +0530,
-150,z,37,37,12,z,1,0.8287643999792635,None,,,,,12,37,37,3,344.17097499998636,,,,,,,,,344.15573599998606,344.17097499998636,345.15404549997766,345.15404549997766,345.15404549997766,345.15404549997766,345.17068859998835,346.17100709999795,346.17100709999795,347.00457959997584,,,,,z,1,0.8287643999792635,None,participant 1,001,2025-10-04_21h35.59.108,motor_sequence_learning,,2025.1.1,60.15081011104695,2025-10-04 21h36.10.178468 +0530,
50,c,38,38,8,c,1,0.8097186999802943,None,,,,,8,38,38,2,347.0208669999847,,,,,,,,,347.0051092999929,347.0208669999847,348.00450199999614,348.00450199999614,348.00450199999614,348.00450199999614,348.0207629999786,349.00409239999135,349.00409239999135,349.8214179999777,,,,,c,1,0.8097186999802943,None,participant 1,001,2025-10-04_21h35.59.108,motor_sequence_learning,,2025.1.1,60.15081011104695,2025-10-04 21h36.10.178468 +0530,
-150,z,39,39,13,z,1,0.4220570999896154,None,,,,,13,39,39,3,349.8374158999941,,,,,,,,,349.82192789998953,349.8374158999941,350.8209128000017,350.8209128000017,350.8209128000017,350.8209128000017,350.837640999991,351.83745510000153,351.83745510000153,352.2714017999824,,,,,z,1,0.4220570999896154,None,participant 1,001,2025-10-04_21h35.59.108,motor_sequence_learning,,2025.1.1,60.15081011104695,2025-10-04 21h36.10.178468 +0530,
50,c,40,40,9,c,1,0.6525934000092093,None,,,,,9,40,40,2,352.2874405999901,,,,,,,,,352.27193289998104,352.2874405999901,353.2706620999961,353.2706620999961,353.2706620999961,353.2706620999961,353.2874793999945,354.2709632999904,354.2709632999904,354.9382337999996,,,,,c,1,0.6525934000092093,None,participant 1,001,2025-10-04_21h35.59.108,motor_sequence_learning,,2025.1.1,60.15081011104695,2025-10-04 21h36.10.178468 +0530,
150,v,41,41,8,v,1,0.44584100000793114,None,,,,,8,41,41,1,354.9538513000007,,,,,,,,,354.9387809000036,354.9538513000007,355.95270829999936,355.95270829999936,355.95270829999936,355.95270829999936,355.9695340000035,356.93750889998046,356.93750889998046,357.3879253999912,,,,,v,1,0.44584100000793114,None,participant 1,001,2025-10-04_21h35.59.108,motor_sequence_learning,,2025.1.1,60.15081011104695,2025-10-04 21h36.10.178468 +0530,
150,v,42,42,9,v,1,0.621964099991601,None,,,,,9,42,42,1,357.40412649998325,,,,,,,,,357.38849969999865,357.40412649998325,358.38745239999844,358.38745239999844,358.38745239999844,358.38745239999844,358.4037341999938,359.3875632999989,359.3875632999989,360.02136210000026,,,,,v,1,0.621964099991601,None,participant 1,001,2025-10-04_21h35.59.108,motor_sequence_learning,,2025.1.1,60.15081011104695,2025-10-04 21h36.10.178468 +0530,
50,c,43,43,10,c,1,0.4088393999845721,None,,,,,10,43,43,2,360.03732919998583,,,,,,,,,360.0218709000037,360.03732919998583,361.02037640000344,361.02037640000344,361.02037640000344,361.02037640000344,361.0370943000016,362.020646399993,362.020646399993,362.4380939999828,,,,,c,1,0.4088393999845721,None,participant 1,001,2025-10-04_21h35.59.108,motor_sequence_learning,,2025.1.1,60.15081011104695,2025-10-04 21h36.10.178468 +0530,
50,c,44,44,11,c,1,0.6801512000092771,None,,,,,11,44,44,2,362.4540512999811,,,,,,,,,362.4386231999961,362.4540512999811,363.43757099998766,363.43757099998766,363.43757099998766,363.43757099998766,363.45417009998346,364.43734959998983,364.43734959998983,365.1213694999751,,,,,c,1,0.6801512000092771,None,participant 1,001,2025-10-04_21h35.59.108,motor_sequence_learning,,2025.1.1,60.15081011104695,2025-10-04 21h36.10.178468 +0530,
-50,x,45,45,9,x,1,0.8094174999860115,None,,,,,9,45,45,0,365.13728339999216,,,,,,,,,365.12192899998627,365.13728339999216,366.1206732999999,366.1206732999999,366.1206732999999,366.1206732999999,366.1371944999846,367.1363891999936,367.1363891999936,367.95508649997646,,,,,x,1,0.8094174999860115,None,participant 1,001,2025-10-04_21h35.59.108,motor_sequence_learning,,2025.1.1,60.15081011104695,2025-10-04 21h36.10.178468 +0530,
-50,x,46,46,10,x,1,0.7237722999998368,None,,,,,10,46,46,0,367.97064939999836,,,,,,,,,367.95560739998473,367.97064939999836,368.97134329998516,368.97134329998516,368.97134329998516,368.97134329998516,368.97134329998516,369.9705719999911,369.9705719999911,370.7048214999959,,,,,x,1,0.7237722999998368,None,participant 1,001,2025-10-04_21h35.59.108,motor_sequence_learning,,2025.1.1,60.15081011104695,2025-10-04 21h36.10.178468 +0530,
-50,x,47,47,11,x,1,0.8034573000040837,None,,,,,11,47,47,0,370.7206106999947,,,,,,,,,370.7053498000023,370.7206106999947,371.703958899976,371.703958899976,371.703958899976,371.703958899976,371.72054599999683,372.71997519998695,372.71997519998695,373.5379287999822,,,,,x,1,0.8034573000040837,None,participant 1,001,2025-10-04_21h35.59.108,motor_sequence_learning,,2025.1.1,60.15081011104695,2025-10-04 21h36.10.178468 +0530,
-150,z,48,48,14,z,1,0.8464684000064153,None,,,,,14,48,48,3,373.55386929999804,,,,,,,,,373.5384570999886,373.55386929999804,374.5373277000035,374.5373277000035,374.5373277000035,374.5373277000035,374.55379969999194,375.53743649998796,375.53743649998796,376.3880459999782,,,,,z,1,0.8464684000064153,None,participant 1,001,2025-10-04_21h35.59.108,motor_sequence_learning,,2025.1.1,60.15081011104695,2025-10-04 21h36.10.178468 +0530,
50,c,49,49,12,c,1,0.7961023000243586,None,,,,,12,49,49,2,376.4036717999843,,,,,,,,,376.38857139999163,376.4036717999843,377.3873823999893,377.3873823999893,377.3873823999893,377.3873823999893,377.40393810000387,378.38733589998446,378.38733589998446,379.1870127999864,,,,,c,1,0.7961023000243586,None,participant 1,001,2025-10-04_21h35.59.108,motor_sequence_learning,,2025.1.1,60.15081011104695,2025-10-04 21h36.10.178468 +0530,
150,v,50,50,10,v,1,0.9336208000022452,None,,,,,10,50,50,1,379.20276829999057,,,,,,,,,379.18729209998855,379.20276829999057,380.1873610999901,380.1873610999901,380.1873610999901,380.1873610999901,380.20384209998883,381.18742329999804,381.18742329999804,382.1378185999929,,,,,v,1,0.9336208000022452,None,participant 1,001,2025-10-04_21h35.59.108,motor_sequence_learning,,2025.1.1,60.15081011104695,2025-10-04 21h36.10.178468 +0530,
-150,z,51,51,15,z,1,0.6488517000107095,None,,,,,15,51,51,3,382.1537984999886,,,,,,,,,382.1384594999836,382.1537984999886,383.13718979997793,383.13718979997793,383.13718979997793,383.13718979997793,383.153917299991,384.13715719999163,384.13715719999163,384.78877309997915,,,,,z,1,0.6488517000107095,None,participant 1,001,2025-10-04_21h35.59.108,motor_sequence_learning,,2025.1.1,60.15081011104695,2025-10-04 21h36.10.178468 +0530,
50,c,52,52,13,c,1,0.841497099987464,None,,,,,13,52,52,2,384.80389849998755,,,,,,,,,384.78934389998903,384.80389849998755,385.8040563999966,385.8040563999966,385.8040563999966,385.8040563999966,385.8040563999966,386.8037193999917,386.8037193999917,387.65489749997505,,,,,c,1,0.841497099987464,None,participant 1,001,2025-10-04_21h35.59.108,motor_sequence_learning,,2025.1.1,60.15081011104695,2025-10-04 21h36.10.178468 +0530,
50,c,53,53,14,c,1,0.5097581000009086,None,,,,,14,53,53,2,387.6705836999754,,,,,,,,,387.655414799985,387.6705836999754,388.6540820999944,388.6540820999944,388.6540820999944,388.6540820999944,388.67047650000313,389.6704519999912,389.6704519999912,390.18780489999335,,,,,c,1,0.5097581000009086,None,participant 1,001,2025-10-04_21h35.59.108,motor_sequence_learning,,2025.1.1,60.15081011104695,2025-10-04 21h36.10.178468 +0530,
50,c,54,54,15,c,1,0.4610308000119403,None,,,,,15,54,54,2,390.2037979000015,,,,,,,,,390.1883295000007,390.2037979000015,391.18710479998845,391.18710479998845,391.18710479998845,391.18710479998845,391.2037666999968,392.18731489998754,392.18731489998754,392.65446439999505,,,,,c,1,0.4610308000119403,None,participant 1,001,2025-10-04_21h35.59.108,motor_sequence_learning,,2025.1.1,60.15081011104695,2025-10-04 21h36.10.178468 +0530,
50,c,55,55,16,c,1,0.33939599999575876,None,,,,,16,55,55,2,392.67055359997903,,,,,,,,,392.6550339999958,392.67055359997903,393.65390009997645,393.65390009997645,393.65390009997645,393.65390009997645,393.6704943999939,394.6692645000003,394.6692645000003,395.0205014999956,,,,,c,1,0.33939599999575876,None,participant 1,001,2025-10-04_21h35.59.108,motor_sequence_learning,,2025.1.1,60.15081011104695,2025-10-04 21h36.10.178468 +0530,
-150,z,56,56,16,z,1,0.6980546999839135,None,,,,,16,56,56,3,395.03680209998856,,,,,,,,,395.02103659999557,395.03680209998856,396.02044539997587,396.02044539997587,396.02044539997587,396.02044539997587,396.0371324000007,397.0204784999951,397.0204784999951,397.7213189000031,,,,,z,1,0.6980546999839135,None,participant 1,001,2025-10-04_21h35.59.108,motor_sequence_learning,,2025.1.1,60.15081011104695,2025-10-04 21h36.10.178468 +0530,
-150,z,57,57,17,z,1,0.5321740000217687,None,,,,,17,57,57,3,397.7372455000004,,,,,,,,,397.72183569998015,397.7372455000004,398.72045819999767,398.72045819999767,398.72045819999767,398.72045819999767,398.7374149999814,399.7205092999793,399.7205092999793,400.25408259997494,,,,,z,1,0.5321740000217687,None,participant 1,001,2025-10-04_21h35.59.108,motor_sequence_learning,,2025.1.1,60.15081011104695,2025-10-04 21h36.10.178468 +0530,
50,c,58,58,17,c,1,0.8327452999947127,None,,,,,17,58,58,2,400.2697236999811,,,,,,,,,400.2544650999771,400.2697236999811,401.253641599993,401.253641599993,401.253641599993,401.253641599993,401.27040119998856,402.25321139997686,402.25321139997686,403.08826150000095,,,,,c,1,0.8327452999947127,None,participant 1,001,2025-10-04_21h35.59.108,motor_sequence_learning,,2025.1.1,60.15081011104695,2025-10-04 21h36.10.178468 +0530,
150,v,59,59,11,v,1,0.8049509999982547,None,,,,,11,59,59,1,403.1037488000002,,,,,,,,,403.08882479998283,403.1037488000002,404.1039541999926,404.1039541999926,404.1039541999926,404.1039541999926,404.1039541999926,405.10368989998824,405.10368989998824,405.92017399999895,,,,,v,1,0.8049509999982547,None,participant 1,001,2025-10-04_21h35.59.108,motor_sequence_learning,,2025.1.1,60.15081011104695,2025-10-04 21h36.10.178468 +0530,
50,c,60,60,18,c,1,0.5148230000049807,None,,,,,18,60,60,2,405.93674189999,,,,,,,,,405.9205838999769,405.93674189999,406.9203437999822,406.9203437999822,406.9203437999822,406.9203437999822,406.93687889998546,407.9205533999775,407.9205533999775,408.43798269997933,,,,,c,1,0.5148230000049807,None,participant 1,001,2025-10-04_21h35.59.108,motor_sequence_learning,,2025.1.1,60.15081011104695,2025-10-04 21h36.10.178468 +0530,
-50,x,61,61,12,x,1,0.5673470000037923,None,,,,,12,61,61,0,408.45376419997774,,,,,,,,,408.43851099998574,408.45376419997774,409.437054399983,409.437054399983,409.437054399983,409.437054399983,409.45348840000224,410.45403890000307,410.45403890000307,411.03629709998495,,,,,x,1,0.5673470000037923,None,participant 1,001,2025-10-04_21h35.59.108,motor_sequence_learning,,2025.1.1,60.15081011104695,2025-10-04 21h36.10.178468 +0530,
-50,x,62,62,13,x,1,0.5518074999854434,None,,,,,13,62,62,0,411.05212700000266,,,,,,,,,411.03667739999946,411.05212700000266,412.037184899993,412.037184899993,412.037184899993,412.037184899993,412.0536869999778,413.036898499995,413.036898499995,413.60429529999965,,,,,x,1,0.5518074999854434,None,participant 1,001,2025-10-04_21h35.59.108,motor_sequence_learning,,2025.1.1,60.15081011104695,2025-10-04 21h36.10.178468 +0530,
-50,x,63,63,14,x,1,0.7156897000095341,None,,,,,14,63,63,0,413.6203259000031,,,,,,,,,413.6048198999779,413.6203259000031,414.60377159999916,414.60377159999916,414.60377159999916,414.60377159999916,414.6202663999866,415.60361659998307,415.60361659998307,416.32158819999313,,,,,x,1,0.7156897000095341,None,participant 1,001,2025-10-04_21h35.59.108,motor_sequence_learning,,2025.1.1,60.15081011104695,2025-10-04 21h36.10.178468 +0530,
50,c,64,64,19,c,1,0.5428225999930874,None,,,,,19,64,64,2,416.3369625999767,,,,,,,,,416.32216149999294,416.3369625999767,417.3371752999956,417.3371752999956,417.3371752999956,417.3371752999956,417.3371752999956,418.3370766000007,418.3370766000007,418.88763089998974,,,,,c,1,0.5428225999930874,None,participant 1,001,2025-10-04_21h35.59.108,motor_sequence_learning,,2025.1.1,60.15081011104695,2025-10-04 21h36.10.178468 +0530,
-150,z,65,65,18,z,1,0.7292445999919437,None,,,,,18,65,65,3,418.9037430000026,,,,,,,,,418.8881646999798,418.9037430000026,419.88695309998,419.88695309998,419.88695309998,419.88695309998,419.9038388999761,420.88688730000285,420.88688730000285,421.6209692999837,,,,,z,1,0.7292445999919437,None,participant 1,001,2025-10-04_21h35.59.108,motor_sequence_learning,,2025.1.1,60.15081011104695,2025-10-04 21h36.10.178468 +0530,
-50,x,66,66,15,x,1,0.6880305999948177,None,,,,,15,66,66,0,421.63689349999186,,,,,,,,,421.62193339999067,421.63689349999186,422.62022270000307,422.62022270000307,422.62022270000307,422.62022270000307,422.6369887999899,423.63695099999313,423.63695099999313,424.33754089998547,,,,,x,1,0.6880305999948177,None,participant 1,001,2025-10-04_21h35.59.108,motor_sequence_learning,,2025.1.1,60.15081011104695,2025-10-04 21h36.10.178468 +0530,
-50,x,67,67,16,x,1,0.4114365999994334,None,,,,,16,67,67,0,424.35349789998145,,,,,,,,,424.33807289999095,424.35349789998145,425.33691099999123,425.33691099999123,425.33691099999123,425.33691099999123,425.35370899998816,426.3368355999992,426.3368355999992,426.7541244000022,,,,,x,1,0.4114365999994334,None,participant 1,001,2025-10-04_21h35.59.108,motor_sequence_learning,,2025.1.1,60.15081011104695,2025-10-04 21h36.10.178468 +0530,
50,c,68,68,20,c,1,0.5204500000108965,None,,,,,20,68,68,2,426.77022399997804,,,,,,,,,426.7546596000029,426.77022399997804,427.7692541999859,427.7692541999859,427.7692541999859,427.7692541999859,427.7865509999974,428.7536162000033,428.7536162000033,429.28771750000305,,,,,c,1,0.5204500000108965,None,participant 1,001,2025-10-04_21h35.59.108,motor_sequence_learning,,2025.1.1,60.15081011104695,2025-10-04 21h36.10.178468 +0530,
150,v,69,69,12,v,1,0.5337102999910712,None,,,,,12,69,69,1,429.3035206999921,,,,,,,,,429.28827759998967,429.3035206999921,430.3036090999958,430.3036090999958,430.3036090999958,430.3036090999958,430.3036090999958,431.2868843000033,431.2868843000033,431.83743639997556,,,,,v,1,0.5337102999910712,None,participant 1,001,2025-10-04_21h35.59.108,motor_sequence_learning,,2025.1.1,60.15081011104695,2025-10-04 21h36.10.178468 +0530,
-150,z,70,70,19,z,1,0.47191650001332164,None,,,,,19,70,70,3,431.85369349998655,,,,,,,,,431.8379585999937,431.85369349998655,432.83689229999436,432.83689229999436,432.83689229999436,432.83689229999436,432.8536894999852,433.8367772999918,433.8367772999918,434.32075349998195,,,,,z,1,0.47191650001332164,None,participant 1,001,2025-10-04_21h35.59.108,motor_sequence_learning,,2025.1.1,60.15081011104695,2025-10-04 21h36.10.178468 +0530,
150,v,71,71,13,v,1,0.6862874000216834,None,,,,,13,71,71,1,434.3369540999993,,,,,,,,,434.3213951999787,434.3369540999993,435.3203442999802,435.3203442999802,435.3203442999802,435.3203442999802,435.3368738999998,436.3202478000021,436.3202478000021,437.02070009999443,,,,,v,1,0.6862874000216834,None,participant 1,001,2025-10-04_21h35.59.108,motor_sequence_learning,,2025.1.1,60.15081011104695,2025-10-04 21h36.10.178468 +0530,
-50,x,72,72,17,x,1,0.6168195999925956,None,,,,,17,72,72,0,437.0365136000037,,,,,,,,,437.0212563999812,437.0365136000037,438.0202589999826,438.0202589999826,438.0202589999826,438.0202589999826,438.03691229998367,439.02003099999274,439.02003099999274,439.65412910000305,,,,,x,1,0.6168195999925956,None,participant 1,001,2025-10-04_21h35.59.108,motor_sequence_learning,,2025.1.1,60.15081011104695,2025-10-04 21h36.10.178468 +0530,
-150,z,73,73,20,z,1,0.6193153000203893,None,,,,,20,73,73,3,439.6701953999873,,,,,,,,,439.65472569997655,439.6701953999873,440.65354769999976,440.65354769999976,440.65354769999976,440.65354769999976,440.6705228999781,441.6534551999939,441.6534551999939,442.2876785999979,,,,,z,1,0.6193153000203893,None,participant 1,001,2025-10-04_21h35.59.108,motor_sequence_learning,,2025.1.1,60.15081011104695,2025-10-04 21h36.10.178468 +0530,
150,v,74,74,14,v,1,0.45661919997655787,None,,,,,14,74,74,1,442.30373809998855,,,,,,,,,442.2882463999849,442.30373809998855,443.2867955999973,443.2867955999973,443.2867955999973,443.2867955999973,443.3035249999957,444.30369000000064,444.30369000000064,444.7694893000007,,,,,v,1,0.45661919997655787,None,participant 1,001,2025-10-04_21h35.59.108,motor_sequence_learning,,2025.1.1,60.15081011104695,2025-10-04 21h36.10.178468 +0530,
-150,z,75,75,21,z,1,0.5739105999819003,None,,,,,21,75,75,3,444.7855727999995,,,,,,,,,444.76995519999764,444.7855727999995,445.77020849997643,445.77020849997643,445.77020849997643,445.77020849997643,445.78692119999323,446.7714769000013,446.7714769000013,447.3542050999822,,,,,z,1,0.5739105999819003,None,participant 1,001,2025-10-04_21h35.59.108,motor_sequence_learning,,2025.1.1,60.15081011104695,2025-10-04 21h36.10.178468 +0530,
-50,x,76,76,18,x,1,0.41109060001326725,None,,,,,18,76,76,0,447.3699201999989,,,,,,,,,447.35475689999294,447.3699201999989,448.35394579998683,448.35394579998683,448.35394579998683,448.35394579998683,448.37025789998006,449.3533666000003,449.3533666000003,449.770824599982,,,,,x,1,0.41109060001326725,None,participant 1,001,2025-10-04_21h35.59.108,motor_sequence_learning,,2025.1.1,60.15081011104695,2025-10-04 21h36.10.178468 +0530,
50,c,77,77,21,c,1,0.6736864999984391,None,,,,,21,77,77,2,449.78666469999007,,,,,,,,,449.7717313999892,449.78666469999007,450.77005679998547,450.77005679998547,450.77005679998547,450.77005679998547,450.78666659997543,451.7700985999836,451.7700985999836,452.45424719998846,,,,,c,1,0.6736864999984391,None,participant 1,001,2025-10-04_21h35.59.108,motor_sequence_learning,,2025.1.1,60.15081011104695,2025-10-04 21h36.10.178468 +0530,
-50,x,78,78,19,x,1,0.5733142999815755,None,,,,,19,78,78,0,452.47001579997595,,,,,,,,,452.45475409997744,452.47001579997595,453.4537658999907,453.4537658999907,453.4537658999907,453.4537658999907,453.47002330000396,454.4534230999998,454.4534230999998,455.03570330000366,,,,,x,1,0.5733142999815755,None,participant 1,001,2025-10-04_21h35.59.108,motor_sequence_learning,,2025.1.1,60.15081011104695,2025-10-04 21h36.10.178468 +0530,
-150,z,79,79,22,z,1,0.5520107999909669,None,,,,,22,79,79,3,455.05216759999166,,,,,,,,,455.03594059997704,455.05216759999166,456.0366665000038,456.0366665000038,456.0366665000038,456.0366665000038,456.05345739997574,457.0368918000022,457.0368918000022,457.6039828999783,,,,,z,1,0.5520107999909669,None,participant 1,001,2025-10-04_21h35.59.108,motor_sequence_learning,,2025.1.1,60.15081011104695,2025-10-04 21h36.10.178468 +0530,
50,c,80,80,22,c,1,0.5338777000142727,None,,,,,22,80,80,2,457.6201055999845,,,,,,,,,457.60460549997515,457.6201055999845,458.60346369998297,458.60346369998297,458.60346369998297,458.60346369998297,458.6202577999793,459.6036239999812,459.6036239999812,460.1541139000037,,,,,c,1,0.5338777000142727,None,participant 1,001,2025-10-04_21h35.59.108,motor_sequence_learning,,2025.1.1,60.15081011104695,2025-10-04 21h36.10.178468 +0530,
150,v,81,81,15,v,1,0.499194100004388,None,,,,,15,81,81,1,460.17002699998557,,,,,,,,,460.1546631999954,460.17002699998557,461.1692843999772,461.1692843999772,461.1692843999772,461.1692843999772,461.18647299997974,462.15330219999305,462.15330219999305,462.65407550000236,,,,,v,1,0.499194100004388,None,participant 1,001,2025-10-04_21h35.59.108,motor_sequence_learning,,2025.1.1,60.15081011104695,2025-10-04 21h36.10.178468 +0530,
-150,z,82,82,23,z,1,0.6101514000038151,None,,,,,23,82,82,3,462.67001509998227,,,,,,,,,462.654616099986,462.67001509998227,463.6690079999971,463.6690079999971,463.6690079999971,463.6690079999971,463.6857160999789,464.66918669998995,464.66918669998995,465.2865414999833,,,,,z,1,0.6101514000038151,None,participant 1,001,2025-10-04_21h35.59.108,motor_sequence_learning,,2025.1.1,60.15081011104695,2025-10-04 21h36.10.178468 +0530,
-50,x,83,83,20,x,1,0.6017027999914717,None,,,,,20,83,83,0,465.30251769997994,,,,,,,,,465.2869960999815,465.30251769997994,466.3028415000008,466.3028415000008,466.3028415000008,466.3028415000008,466.3028415000008,467.28664119998575,467.28664119998575,467.9038934999844,,,,,x,1,0.6017027999914717,None,participant 1,001,2025-10-04_21h35.59.108,motor_sequence_learning,,2025.1.1,60.15081011104695,2025-10-04 21h36.10.178468 +0530,
-150,z,84,84,24,z,1,0.7059321999840904,None,,,,,24,84,84,3,467.92004229998565,,,,,,,,,467.9044345000002,467.92004229998565,468.9035905999772,468.9035905999772,468.9035905999772,468.9035905999772,468.9200062000018,469.90337980000186,469.90337980000186,470.6205356999999,,,,,z,1,0.7059321999840904,None,participant 1,001,2025-10-04_21h35.59.108,motor_sequence_learning,,2025.1.1,60.15081011104695,2025-10-04 21h36.10.178468 +0530,
-50,x,85,85,21,x,1,0.6570090999884997,None,,,,,21,85,85,0,470.63621719999355,,,,,,,,,470.6210857999977,470.63621719999355,471.6199257999833,471.6199257999833,471.6199257999833,471.6199257999833,471.63681769999675,472.6200595999835,472.6200595999835,473.28735040000174,,,,,x,1,0.6570090999884997,None,participant 1,001,2025-10-04_21h35.59.108,motor_sequence_learning,,2025.1.1,60.15081011104695,2025-10-04 21h36.10.178468 +0530,
150,v,86,86,16,v,1,0.5515180999937002,None,,,,,16,86,86,1,473.3035422999819,,,,,,,,,473.2878766999929,473.3035422999819,474.2868174999894,474.2868174999894,474.2868174999894,474.2868174999894,474.3034196999797,475.28671239997493,475.28671239997493,475.85393959999783,,,,,v,1,0.5515180999937002,None,participant 1,001,2025-10-04_21h35.59.108,motor_sequence_learning,,2025.1.1,60.15081011104695,2025-10-04 21h36.10.178468 +0530,
150,v,87,87,17,v,1,0.5546038999746088,None,,,,,17,87,87,1,475.8698366000026,,,,,,,,,475.8544899999979,475.8698366000026,476.8533887999947,476.8533887999947,476.8533887999947,476.8533887999947,476.8698349999904,477.8696885999816,477.8696885999816,478.4371905000007,,,,,v,1,0.5546038999746088,None,participant 1,001,2025-10-04_21h35.59.108,motor_sequence_learning,,2025.1.1,60.15081011104695,2025-10-04 21h36.10.178468 +0530,
150,v,88,88,18,v,1,0.4986038999923039,None,,,,,18,88,88,1,478.4531896999979,,,,,,,,,478.4377191999811,478.4531896999979,479.43675219998113,479.43675219998113,479.43675219998113,479.43675219998113,479.4533924999996,480.45235929999035,480.45235929999035,480.9540491999942,,,,,v,1,0.4986038999923039,None,participant 1,001,2025-10-04_21h35.59.108,motor_sequence_learning,,2025.1.1,60.15081011104695,2025-10-04 21h36.10.178468 +0530,
150,v,89,89,19,v,1,0.9254409999994095,None,,,,,19,89,89,1,480.9697607999842,,,,,,,,,480.9545816000027,480.9697607999842,481.9688610000012,481.9688610000012,481.9688610000012,481.9688610000012,481.9688610000012,482.9689453000028,482.9689453000028,483.9037607999926,,,,,v,1,0.9254409999994095,None,participant 1,001,2025-10-04_21h35.59.108,motor_sequence_learning,,2025.1.1,60.15081011104695,2025-10-04 21h36.10.178468 +0530,
150,v,90,90,20,v,1,0.5404636999883223,None,,,,,20,90,90,1,483.91979469999205,,,,,,,,,483.9043707999808,483.91979469999205,484.903255799989,484.903255799989,484.903255799989,484.903255799989,484.9197890999785,485.90337359998375,485.90337359998375,486.4538467999955,,,,,v,1,0.5404636999883223,None,participant 1,001,2025-10-04_21h35.59.108,motor_sequence_learning,,2025.1.1,60.15081011104695,2025-10-04 21h36.10.178468 +0530,
50,c,91,91,23,c,1,0.720788700011326,None,,,,,23,91,91,2,486.4699608999945,,,,,,,,,486.45437500000116,486.4699608999945,487.4534331999894,487.4534331999894,487.4534331999894,487.4534331999894,487.46978399998625,488.4529948999989,488.4529948999989,489.18567429998075,,,,,c,1,0.720788700011326,None,participant 1,001,2025-10-04_21h35.59.108,motor_sequence_learning,,2025.1.1,60.15081011104695,2025-10-04 21h36.10.178468 +0530,
150,v,92,92,21,v,1,0.5409743999771308,None,,,,,21,92,92,1,489.20259909998276,,,,,,,,,489.18608149999636,489.20259909998276,490.1868288999831,490.1868288999831,490.1868288999831,490.1868288999831,490.20368679999956,491.18639379998785,491.18639379998785,491.73736810000264,,,,,v,1,0.5409743999771308,None,participant 1,001,2025-10-04_21h35.59.108,motor_sequence_learning,,2025.1.1,60.15081011104695,2025-10-04 21h36.10.178468 +0530,
-50,x,93,93,22,x,1,0.6470036999962758,None,,,,,22,93,93,0,491.7532608000038,,,,,,,,,491.7379124999861,491.7532608000038,492.7531973999867,492.7531973999867,492.7531973999867,492.7531973999867,492.7531973999867,493.7530798999942,493.7530798999942,494.4023527999816,,,,,x,1,0.6470036999962758,None,participant 1,001,2025-10-04_21h35.59.108,motor_sequence_learning,,2025.1.1,60.15081011104695,2025-10-04 21h36.10.178468 +0530,
150,v,94,94,22,v,1,0.5108979000069667,None,,,,,22,94,94,1,494.41837459997623,,,,,,,,,494.4026275999786,494.41837459997623,495.40315549998195,495.40315549998195,495.40315549998195,495.40315549998195,495.4197067999921,496.4030316999997,496.4030316999997,496.9204935999878,,,,,v,1,0.5108979000069667,None,participant 1,001,2025-10-04_21h35.59.108,motor_sequence_learning,,2025.1.1,60.15081011104695,2025-10-04 21h36.10.178468 +0530,
150,v,95,95,23,v,1,0.8532839999825228,None,,,,,23,95,95,1,496.93675969998003,,,,,,,,,496.9210216999927,496.93675969998003,497.91987149999477,497.91987149999477,497.91987149999477,497.91987149999477,497.93632839998463,498.9196072999912,498.9196072999912,499.7871564999805,,,,,v,1,0.8532839999825228,None,participant 1,001,2025-10-04_21h35.59.108,motor_sequence_learning,,2025.1.1,60.15081011104695,2025-10-04 21h36.10.178468 +0530,
50,c,96,96,24,c,1,0.6875445000187028,None,,,,,24,96,96,2,499.80311429998255,,,,,,,,,499.78769450000254,499.80311429998255,500.7864971999952,500.7864971999952,500.7864971999952,500.7864971999952,500.8032776999753,501.7865579999925,501.7865579999925,502.48722139999154,,,,,c,1,0.6875445000187028,None,participant 1,001,2025-10-04_21h35.59.108,motor_sequence_learning,,2025.1.1,60.15081011104695,2025-10-04 21h36.10.178468 +0530,
-50,x,97,97,23,x,1,0.7041219999955501,None,,,,,23,97,97,0,502.50308100000257,,,,,,,,,502.4877611999982,502.50308100000257,503.4864268999954,503.4864268999954,503.4864268999954,503.4864268999954,503.50305719999596,504.48640539997723,504.48640539997723,505.2039384999953,,,,,x,1,0.7041219999955501,None,participant 1,001,2025-10-04_21h35.59.108,motor_sequence_learning,,2025.1.1,60.15081011104695,2025-10-04 21h36.10.178468 +0530,
-50,x,98,98,24,x,1,0.7040618000028189,None,,,,,24,98,98,0,505.2198544999992,,,,,,,,,505.20445729998755,505.2198544999992,506.203125799977,506.203125799977,506.203125799977,506.203125799977,506.2196396999934,507.2032707000035,507.2032707000035,507.920449199999,,,,,x,1,0.7040618000028189,None,participant 1,001,2025-10-04_21h35.59.108,motor_sequence_learning,,2025.1.1,60.15081011104695,2025-10-04 21h36.10.178468 +0530,
150,v,99,99,24,v,1,0.5113433999940753,None,,,,,24,99,99,1,507.9364846999815,,,,,,,,,507.92099929999677,507.9364846999815,508.91994989998057,508.91994989998057,508.91994989998057,508.91994989998057,508.9370161999832,509.91957919998094,509.91957919998094,510.4371796999767,,,,,v,1,0.5113433999940753,None,participant 1,001,2025-10-04_21h35.59.108,motor_sequence_learning,,2025.1.1,60.15081011104695,2025-10-04 21h36.10.178468 +0530,
